The target system is: Android - 1 - armv7-a
The host system is: Linux - 6.11.0-1018-azure - x86_64
Compiling the C compiler identification source file "CMakeCCompilerId.c" succeeded.
Compiler: /usr/local/lib/android/sdk/ndk/27.2.12479018/toolchains/llvm/prebuilt/linux-x86_64/bin/clang 
Build flags: -g;-DANDROID;-fdata-sections;-ffunction-sections;-funwind-tables;-fstack-protector-strong;-no-canonical-prefixes;-D_FORTIFY_SOURCE=2;-march=armv7-a;-mthumb;-Wformat;-Werror=format-security;
Id flags: -c;--target=armv7-none-linux-androideabi24 

The output was:
0


Compilation of the C compiler identification source "CMakeCCompilerId.c" produced "CMakeCCompilerId.o"

The C compiler identification is Clang, found in "/home/runner/work/Bugdom2-Android/Bugdom2-Android/android/app/.cxx/Debug/x2b5b4t2/armeabi-v7a/CMakeFiles/3.22.1-g37088a8/CompilerIdC/CMakeCCompilerId.o"

Compiling the CXX compiler identification source file "CMakeCXXCompilerId.cpp" succeeded.
Compiler: /usr/local/lib/android/sdk/ndk/27.2.12479018/toolchains/llvm/prebuilt/linux-x86_64/bin/clang++ 
Build flags: -g;-DANDROID;-fdata-sections;-ffunction-sections;-funwind-tables;-fstack-protector-strong;-no-canonical-prefixes;-D_FORTIFY_SOURCE=2;-march=armv7-a;-mthumb;-Wformat;-Werror=format-security;;
Id flags: -c;--target=armv7-none-linux-androideabi24 

The output was:
0


Compilation of the CXX compiler identification source "CMakeCXXCompilerId.cpp" produced "CMakeCXXCompilerId.o"

The CXX compiler identification is Clang, found in "/home/runner/work/Bugdom2-Android/Bugdom2-Android/android/app/.cxx/Debug/x2b5b4t2/armeabi-v7a/CMakeFiles/3.22.1-g37088a8/CompilerIdCXX/CMakeCXXCompilerId.o"

Detecting C compiler ABI info compiled with the following output:
Change Dir: /home/runner/work/Bugdom2-Android/Bugdom2-Android/android/app/.cxx/Debug/x2b5b4t2/armeabi-v7a/CMakeFiles/CMakeTmp

Run Build Command(s):/usr/local/lib/android/sdk/cmake/3.22.1/bin/ninja cmTC_ca845 && [1/2] Building C object CMakeFiles/cmTC_ca845.dir/CMakeCCompilerABI.c.o
Android (12470979, +pgo, +bolt, +lto, +mlgo, based on r522817c) clang version 18.0.3 (https://android.googlesource.com/toolchain/llvm-project d8003a456d14a3deb8054cdaa529ffbf02d9b262)
Target: armv7-none-linux-android24
Thread model: posix
InstalledDir: /usr/local/lib/android/sdk/ndk/27.2.12479018/toolchains/llvm/prebuilt/linux-x86_64/bin
 (in-process)
 "/usr/local/lib/android/sdk/ndk/27.2.12479018/toolchains/llvm/prebuilt/linux-x86_64/bin/clang" -cc1 -triple thumbv7-none-linux-android24 -emit-obj -mrelax-all -disable-free -clear-ast-before-backend -disable-llvm-verifier -discard-value-names -main-file-name CMakeCCompilerABI.c -mrelocation-model pic -pic-level 2 -pic-is-pie -mframe-pointer=all -ffp-contract=on -fno-rounding-math -mconstructor-aliases -funwind-tables=1 -target-cpu generic -target-feature +soft-float-abi -target-feature +vfp2 -target-feature +vfp2sp -target-feature +vfp3 -target-feature +vfp3d16 -target-feature +vfp3d16sp -target-feature +vfp3sp -target-feature -fp16 -target-feature -vfp4 -target-feature -vfp4d16 -target-feature -vfp4d16sp -target-feature -vfp4sp -target-feature -fp-armv8 -target-feature -fp-armv8d16 -target-feature -fp-armv8d16sp -target-feature -fp-armv8sp -target-feature -fullfp16 -target-feature +fp64 -target-feature +d32 -target-feature +neon -target-feature -sha2 -target-feature -aes -target-feature -fp16fml -target-abi aapcs-linux -mfloat-abi soft -debug-info-kind=constructor -dwarf-version=4 -debugger-tuning=gdb -fdebug-compilation-dir=/home/runner/work/Bugdom2-Android/Bugdom2-Android/android/app/.cxx/Debug/x2b5b4t2/armeabi-v7a/CMakeFiles/CMakeTmp -v -ffunction-sections -fdata-sections -fcoverage-compilation-dir=/home/runner/work/Bugdom2-Android/Bugdom2-Android/android/app/.cxx/Debug/x2b5b4t2/armeabi-v7a/CMakeFiles/CMakeTmp -resource-dir /usr/local/lib/android/sdk/ndk/27.2.12479018/toolchains/llvm/prebuilt/linux-x86_64/lib/clang/18 -dependency-file CMakeFiles/cmTC_ca845.dir/CMakeCCompilerABI.c.o.d -MT CMakeFiles/cmTC_ca845.dir/CMakeCCompilerABI.c.o -sys-header-deps -D ANDROID -D _FORTIFY_SOURCE=2 -isysroot /usr/local/lib/android/sdk/ndk/27.2.12479018/toolchains/llvm/prebuilt/linux-x86_64/sysroot -internal-isystem /usr/local/lib/android/sdk/ndk/27.2.12479018/toolchains/llvm/prebuilt/linux-x86_64/lib/clang/18/include -internal-isystem /usr/local/lib/android/sdk/ndk/27.2.12479018/toolchains/llvm/prebuilt/linux-x86_64/sysroot/usr/local/include -internal-externc-isystem /usr/local/lib/android/sdk/ndk/27.2.12479018/toolchains/llvm/prebuilt/linux-x86_64/sysroot/usr/include/arm-linux-androideabi -internal-externc-isystem /usr/local/lib/android/sdk/ndk/27.2.12479018/toolchains/llvm/prebuilt/linux-x86_64/sysroot/include -internal-externc-isystem /usr/local/lib/android/sdk/ndk/27.2.12479018/toolchains/llvm/prebuilt/linux-x86_64/sysroot/usr/include -Wformat -ferror-limit 19 -femulated-tls -stack-protector 2 -fno-signed-char -fgnuc-version=4.2.1 -D__GCC_HAVE_DWARF2_CFI_ASM=1 -o CMakeFiles/cmTC_ca845.dir/CMakeCCompilerABI.c.o -x c /usr/local/lib/android/sdk/cmake/3.22.1/share/cmake-3.22/Modules/CMakeCCompilerABI.c
clang -cc1 version 18.0.3 based upon LLVM 18.0.3 default target x86_64-unknown-linux-gnu
ignoring nonexistent directory "/usr/local/lib/android/sdk/ndk/27.2.12479018/toolchains/llvm/prebuilt/linux-x86_64/sysroot/usr/local/include"
ignoring nonexistent directory "/usr/local/lib/android/sdk/ndk/27.2.12479018/toolchains/llvm/prebuilt/linux-x86_64/sysroot/include"
#include "..." search starts here:
#include <...> search starts here:
 /usr/local/lib/android/sdk/ndk/27.2.12479018/toolchains/llvm/prebuilt/linux-x86_64/lib/clang/18/include
 /usr/local/lib/android/sdk/ndk/27.2.12479018/toolchains/llvm/prebuilt/linux-x86_64/sysroot/usr/include/arm-linux-androideabi
 /usr/local/lib/android/sdk/ndk/27.2.12479018/toolchains/llvm/prebuilt/linux-x86_64/sysroot/usr/include
End of search list.
[2/2] Linking C executable cmTC_ca845
Android (12470979, +pgo, +bolt, +lto, +mlgo, based on r522817c) clang version 18.0.3 (https://android.googlesource.com/toolchain/llvm-project d8003a456d14a3deb8054cdaa529ffbf02d9b262)
Target: armv7-none-linux-android24
Thread model: posix
InstalledDir: /usr/local/lib/android/sdk/ndk/27.2.12479018/toolchains/llvm/prebuilt/linux-x86_64/bin
 "/usr/local/lib/android/sdk/ndk/27.2.12479018/toolchains/llvm/prebuilt/linux-x86_64/bin/ld.lld" --sysroot=/usr/local/lib/android/sdk/ndk/27.2.12479018/toolchains/llvm/prebuilt/linux-x86_64/sysroot -EL -z now -z relro -z max-page-size=4096 -X --hash-style=gnu --eh-frame-hdr -m armelf_linux_eabi -pie -dynamic-linker /system/bin/linker -o cmTC_ca845 /usr/local/lib/android/sdk/ndk/27.2.12479018/toolchains/llvm/prebuilt/linux-x86_64/sysroot/usr/lib/arm-linux-androideabi/24/crtbegin_dynamic.o -L/usr/local/lib/android/sdk/ndk/27.2.12479018/toolchains/llvm/prebuilt/linux-x86_64/lib/clang/18/lib/linux/arm -L/usr/local/lib/android/sdk/ndk/27.2.12479018/toolchains/llvm/prebuilt/linux-x86_64/sysroot/usr/lib/arm-linux-androideabi/24 -L/usr/local/lib/android/sdk/ndk/27.2.12479018/toolchains/llvm/prebuilt/linux-x86_64/sysroot/usr/lib/arm-linux-androideabi -L/usr/local/lib/android/sdk/ndk/27.2.12479018/toolchains/llvm/prebuilt/linux-x86_64/sysroot/usr/lib/../lib -L/usr/local/lib/android/sdk/ndk/27.2.12479018/toolchains/llvm/prebuilt/linux-x86_64/sysroot/usr/lib --build-id=sha1 --no-rosegment --no-undefined-version --fatal-warnings --no-undefined CMakeFiles/cmTC_ca845.dir/CMakeCCompilerABI.c.o /usr/local/lib/android/sdk/ndk/27.2.12479018/toolchains/llvm/prebuilt/linux-x86_64/lib/clang/18/lib/linux/libclang_rt.builtins-arm-android.a -l:libunwind.a -ldl -lc /usr/local/lib/android/sdk/ndk/27.2.12479018/toolchains/llvm/prebuilt/linux-x86_64/lib/clang/18/lib/linux/libclang_rt.builtins-arm-android.a -l:libunwind.a -ldl /usr/local/lib/android/sdk/ndk/27.2.12479018/toolchains/llvm/prebuilt/linux-x86_64/sysroot/usr/lib/arm-linux-androideabi/24/crtend_android.o



Parsed C implicit include dir info from above output: rv=done
  found start of include info
  found start of implicit include info
    add: [/usr/local/lib/android/sdk/ndk/27.2.12479018/toolchains/llvm/prebuilt/linux-x86_64/lib/clang/18/include]
    add: [/usr/local/lib/android/sdk/ndk/27.2.12479018/toolchains/llvm/prebuilt/linux-x86_64/sysroot/usr/include/arm-linux-androideabi]
    add: [/usr/local/lib/android/sdk/ndk/27.2.12479018/toolchains/llvm/prebuilt/linux-x86_64/sysroot/usr/include]
  end of search list found
  collapse include dir [/usr/local/lib/android/sdk/ndk/27.2.12479018/toolchains/llvm/prebuilt/linux-x86_64/lib/clang/18/include] ==> [/usr/local/lib/android/sdk/ndk/27.2.12479018/toolchains/llvm/prebuilt/linux-x86_64/lib/clang/18/include]
  collapse include dir [/usr/local/lib/android/sdk/ndk/27.2.12479018/toolchains/llvm/prebuilt/linux-x86_64/sysroot/usr/include/arm-linux-androideabi] ==> [/usr/local/lib/android/sdk/ndk/27.2.12479018/toolchains/llvm/prebuilt/linux-x86_64/sysroot/usr/include/arm-linux-androideabi]
  collapse include dir [/usr/local/lib/android/sdk/ndk/27.2.12479018/toolchains/llvm/prebuilt/linux-x86_64/sysroot/usr/include] ==> [/usr/local/lib/android/sdk/ndk/27.2.12479018/toolchains/llvm/prebuilt/linux-x86_64/sysroot/usr/include]
  implicit include dirs: [/usr/local/lib/android/sdk/ndk/27.2.12479018/toolchains/llvm/prebuilt/linux-x86_64/lib/clang/18/include;/usr/local/lib/android/sdk/ndk/27.2.12479018/toolchains/llvm/prebuilt/linux-x86_64/sysroot/usr/include/arm-linux-androideabi;/usr/local/lib/android/sdk/ndk/27.2.12479018/toolchains/llvm/prebuilt/linux-x86_64/sysroot/usr/include]


Parsed C implicit link information from above output:
  link line regex: [^( *|.*[/\])(ld\.lld|CMAKE_LINK_STARTFILE-NOTFOUND|([^/\]+-)?ld|collect2)[^/\]*( |$)]
  ignore line: [Change Dir: /home/runner/work/Bugdom2-Android/Bugdom2-Android/android/app/.cxx/Debug/x2b5b4t2/armeabi-v7a/CMakeFiles/CMakeTmp]
  ignore line: []
  ignore line: [Run Build Command(s):/usr/local/lib/android/sdk/cmake/3.22.1/bin/ninja cmTC_ca845 && [1/2] Building C object CMakeFiles/cmTC_ca845.dir/CMakeCCompilerABI.c.o]
  ignore line: [Android (12470979  +pgo  +bolt  +lto  +mlgo  based on r522817c) clang version 18.0.3 (https://android.googlesource.com/toolchain/llvm-project d8003a456d14a3deb8054cdaa529ffbf02d9b262)]
  ignore line: [Target: armv7-none-linux-android24]
  ignore line: [Thread model: posix]
  ignore line: [InstalledDir: /usr/local/lib/android/sdk/ndk/27.2.12479018/toolchains/llvm/prebuilt/linux-x86_64/bin]
  ignore line: [ (in-process)]
  ignore line: [ "/usr/local/lib/android/sdk/ndk/27.2.12479018/toolchains/llvm/prebuilt/linux-x86_64/bin/clang" -cc1 -triple thumbv7-none-linux-android24 -emit-obj -mrelax-all -disable-free -clear-ast-before-backend -disable-llvm-verifier -discard-value-names -main-file-name CMakeCCompilerABI.c -mrelocation-model pic -pic-level 2 -pic-is-pie -mframe-pointer=all -ffp-contract=on -fno-rounding-math -mconstructor-aliases -funwind-tables=1 -target-cpu generic -target-feature +soft-float-abi -target-feature +vfp2 -target-feature +vfp2sp -target-feature +vfp3 -target-feature +vfp3d16 -target-feature +vfp3d16sp -target-feature +vfp3sp -target-feature -fp16 -target-feature -vfp4 -target-feature -vfp4d16 -target-feature -vfp4d16sp -target-feature -vfp4sp -target-feature -fp-armv8 -target-feature -fp-armv8d16 -target-feature -fp-armv8d16sp -target-feature -fp-armv8sp -target-feature -fullfp16 -target-feature +fp64 -target-feature +d32 -target-feature +neon -target-feature -sha2 -target-feature -aes -target-feature -fp16fml -target-abi aapcs-linux -mfloat-abi soft -debug-info-kind=constructor -dwarf-version=4 -debugger-tuning=gdb -fdebug-compilation-dir=/home/runner/work/Bugdom2-Android/Bugdom2-Android/android/app/.cxx/Debug/x2b5b4t2/armeabi-v7a/CMakeFiles/CMakeTmp -v -ffunction-sections -fdata-sections -fcoverage-compilation-dir=/home/runner/work/Bugdom2-Android/Bugdom2-Android/android/app/.cxx/Debug/x2b5b4t2/armeabi-v7a/CMakeFiles/CMakeTmp -resource-dir /usr/local/lib/android/sdk/ndk/27.2.12479018/toolchains/llvm/prebuilt/linux-x86_64/lib/clang/18 -dependency-file CMakeFiles/cmTC_ca845.dir/CMakeCCompilerABI.c.o.d -MT CMakeFiles/cmTC_ca845.dir/CMakeCCompilerABI.c.o -sys-header-deps -D ANDROID -D _FORTIFY_SOURCE=2 -isysroot /usr/local/lib/android/sdk/ndk/27.2.12479018/toolchains/llvm/prebuilt/linux-x86_64/sysroot -internal-isystem /usr/local/lib/android/sdk/ndk/27.2.12479018/toolchains/llvm/prebuilt/linux-x86_64/lib/clang/18/include -internal-isystem /usr/local/lib/android/sdk/ndk/27.2.12479018/toolchains/llvm/prebuilt/linux-x86_64/sysroot/usr/local/include -internal-externc-isystem /usr/local/lib/android/sdk/ndk/27.2.12479018/toolchains/llvm/prebuilt/linux-x86_64/sysroot/usr/include/arm-linux-androideabi -internal-externc-isystem /usr/local/lib/android/sdk/ndk/27.2.12479018/toolchains/llvm/prebuilt/linux-x86_64/sysroot/include -internal-externc-isystem /usr/local/lib/android/sdk/ndk/27.2.12479018/toolchains/llvm/prebuilt/linux-x86_64/sysroot/usr/include -Wformat -ferror-limit 19 -femulated-tls -stack-protector 2 -fno-signed-char -fgnuc-version=4.2.1 -D__GCC_HAVE_DWARF2_CFI_ASM=1 -o CMakeFiles/cmTC_ca845.dir/CMakeCCompilerABI.c.o -x c /usr/local/lib/android/sdk/cmake/3.22.1/share/cmake-3.22/Modules/CMakeCCompilerABI.c]
  ignore line: [clang -cc1 version 18.0.3 based upon LLVM 18.0.3 default target x86_64-unknown-linux-gnu]
  ignore line: [ignoring nonexistent directory "/usr/local/lib/android/sdk/ndk/27.2.12479018/toolchains/llvm/prebuilt/linux-x86_64/sysroot/usr/local/include"]
  ignore line: [ignoring nonexistent directory "/usr/local/lib/android/sdk/ndk/27.2.12479018/toolchains/llvm/prebuilt/linux-x86_64/sysroot/include"]
  ignore line: [#include "..." search starts here:]
  ignore line: [#include <...> search starts here:]
  ignore line: [ /usr/local/lib/android/sdk/ndk/27.2.12479018/toolchains/llvm/prebuilt/linux-x86_64/lib/clang/18/include]
  ignore line: [ /usr/local/lib/android/sdk/ndk/27.2.12479018/toolchains/llvm/prebuilt/linux-x86_64/sysroot/usr/include/arm-linux-androideabi]
  ignore line: [ /usr/local/lib/android/sdk/ndk/27.2.12479018/toolchains/llvm/prebuilt/linux-x86_64/sysroot/usr/include]
  ignore line: [End of search list.]
  ignore line: [[2/2] Linking C executable cmTC_ca845]
  ignore line: [Android (12470979  +pgo  +bolt  +lto  +mlgo  based on r522817c) clang version 18.0.3 (https://android.googlesource.com/toolchain/llvm-project d8003a456d14a3deb8054cdaa529ffbf02d9b262)]
  ignore line: [Target: armv7-none-linux-android24]
  ignore line: [Thread model: posix]
  ignore line: [InstalledDir: /usr/local/lib/android/sdk/ndk/27.2.12479018/toolchains/llvm/prebuilt/linux-x86_64/bin]
  link line: [ "/usr/local/lib/android/sdk/ndk/27.2.12479018/toolchains/llvm/prebuilt/linux-x86_64/bin/ld.lld" --sysroot=/usr/local/lib/android/sdk/ndk/27.2.12479018/toolchains/llvm/prebuilt/linux-x86_64/sysroot -EL -z now -z relro -z max-page-size=4096 -X --hash-style=gnu --eh-frame-hdr -m armelf_linux_eabi -pie -dynamic-linker /system/bin/linker -o cmTC_ca845 /usr/local/lib/android/sdk/ndk/27.2.12479018/toolchains/llvm/prebuilt/linux-x86_64/sysroot/usr/lib/arm-linux-androideabi/24/crtbegin_dynamic.o -L/usr/local/lib/android/sdk/ndk/27.2.12479018/toolchains/llvm/prebuilt/linux-x86_64/lib/clang/18/lib/linux/arm -L/usr/local/lib/android/sdk/ndk/27.2.12479018/toolchains/llvm/prebuilt/linux-x86_64/sysroot/usr/lib/arm-linux-androideabi/24 -L/usr/local/lib/android/sdk/ndk/27.2.12479018/toolchains/llvm/prebuilt/linux-x86_64/sysroot/usr/lib/arm-linux-androideabi -L/usr/local/lib/android/sdk/ndk/27.2.12479018/toolchains/llvm/prebuilt/linux-x86_64/sysroot/usr/lib/../lib -L/usr/local/lib/android/sdk/ndk/27.2.12479018/toolchains/llvm/prebuilt/linux-x86_64/sysroot/usr/lib --build-id=sha1 --no-rosegment --no-undefined-version --fatal-warnings --no-undefined CMakeFiles/cmTC_ca845.dir/CMakeCCompilerABI.c.o /usr/local/lib/android/sdk/ndk/27.2.12479018/toolchains/llvm/prebuilt/linux-x86_64/lib/clang/18/lib/linux/libclang_rt.builtins-arm-android.a -l:libunwind.a -ldl -lc /usr/local/lib/android/sdk/ndk/27.2.12479018/toolchains/llvm/prebuilt/linux-x86_64/lib/clang/18/lib/linux/libclang_rt.builtins-arm-android.a -l:libunwind.a -ldl /usr/local/lib/android/sdk/ndk/27.2.12479018/toolchains/llvm/prebuilt/linux-x86_64/sysroot/usr/lib/arm-linux-androideabi/24/crtend_android.o]
    arg [/usr/local/lib/android/sdk/ndk/27.2.12479018/toolchains/llvm/prebuilt/linux-x86_64/bin/ld.lld] ==> ignore
    arg [--sysroot=/usr/local/lib/android/sdk/ndk/27.2.12479018/toolchains/llvm/prebuilt/linux-x86_64/sysroot] ==> ignore
    arg [-EL] ==> ignore
    arg [-znow] ==> ignore
    arg [-zrelro] ==> ignore
    arg [-zmax-page-size=4096] ==> ignore
    arg [-X] ==> ignore
    arg [--hash-style=gnu] ==> ignore
    arg [--eh-frame-hdr] ==> ignore
    arg [-m] ==> ignore
    arg [armelf_linux_eabi] ==> ignore
    arg [-pie] ==> ignore
    arg [-dynamic-linker] ==> ignore
    arg [/system/bin/linker] ==> ignore
    arg [-o] ==> ignore
    arg [cmTC_ca845] ==> ignore
    arg [/usr/local/lib/android/sdk/ndk/27.2.12479018/toolchains/llvm/prebuilt/linux-x86_64/sysroot/usr/lib/arm-linux-androideabi/24/crtbegin_dynamic.o] ==> obj [/usr/local/lib/android/sdk/ndk/27.2.12479018/toolchains/llvm/prebuilt/linux-x86_64/sysroot/usr/lib/arm-linux-androideabi/24/crtbegin_dynamic.o]
    arg [-L/usr/local/lib/android/sdk/ndk/27.2.12479018/toolchains/llvm/prebuilt/linux-x86_64/lib/clang/18/lib/linux/arm] ==> dir [/usr/local/lib/android/sdk/ndk/27.2.12479018/toolchains/llvm/prebuilt/linux-x86_64/lib/clang/18/lib/linux/arm]
    arg [-L/usr/local/lib/android/sdk/ndk/27.2.12479018/toolchains/llvm/prebuilt/linux-x86_64/sysroot/usr/lib/arm-linux-androideabi/24] ==> dir [/usr/local/lib/android/sdk/ndk/27.2.12479018/toolchains/llvm/prebuilt/linux-x86_64/sysroot/usr/lib/arm-linux-androideabi/24]
    arg [-L/usr/local/lib/android/sdk/ndk/27.2.12479018/toolchains/llvm/prebuilt/linux-x86_64/sysroot/usr/lib/arm-linux-androideabi] ==> dir [/usr/local/lib/android/sdk/ndk/27.2.12479018/toolchains/llvm/prebuilt/linux-x86_64/sysroot/usr/lib/arm-linux-androideabi]
    arg [-L/usr/local/lib/android/sdk/ndk/27.2.12479018/toolchains/llvm/prebuilt/linux-x86_64/sysroot/usr/lib/../lib] ==> dir [/usr/local/lib/android/sdk/ndk/27.2.12479018/toolchains/llvm/prebuilt/linux-x86_64/sysroot/usr/lib/../lib]
    arg [-L/usr/local/lib/android/sdk/ndk/27.2.12479018/toolchains/llvm/prebuilt/linux-x86_64/sysroot/usr/lib] ==> dir [/usr/local/lib/android/sdk/ndk/27.2.12479018/toolchains/llvm/prebuilt/linux-x86_64/sysroot/usr/lib]
    arg [--build-id=sha1] ==> ignore
    arg [--no-rosegment] ==> ignore
    arg [--no-undefined-version] ==> ignore
    arg [--fatal-warnings] ==> ignore
    arg [--no-undefined] ==> ignore
    arg [CMakeFiles/cmTC_ca845.dir/CMakeCCompilerABI.c.o] ==> ignore
    arg [/usr/local/lib/android/sdk/ndk/27.2.12479018/toolchains/llvm/prebuilt/linux-x86_64/lib/clang/18/lib/linux/libclang_rt.builtins-arm-android.a] ==> lib [/usr/local/lib/android/sdk/ndk/27.2.12479018/toolchains/llvm/prebuilt/linux-x86_64/lib/clang/18/lib/linux/libclang_rt.builtins-arm-android.a]
    arg [-l:libunwind.a] ==> lib [-l:libunwind.a]
    arg [-ldl] ==> lib [dl]
    arg [-lc] ==> lib [c]
    arg [/usr/local/lib/android/sdk/ndk/27.2.12479018/toolchains/llvm/prebuilt/linux-x86_64/lib/clang/18/lib/linux/libclang_rt.builtins-arm-android.a] ==> lib [/usr/local/lib/android/sdk/ndk/27.2.12479018/toolchains/llvm/prebuilt/linux-x86_64/lib/clang/18/lib/linux/libclang_rt.builtins-arm-android.a]
    arg [-l:libunwind.a] ==> lib [-l:libunwind.a]
    arg [-ldl] ==> lib [dl]
    arg [/usr/local/lib/android/sdk/ndk/27.2.12479018/toolchains/llvm/prebuilt/linux-x86_64/sysroot/usr/lib/arm-linux-androideabi/24/crtend_android.o] ==> obj [/usr/local/lib/android/sdk/ndk/27.2.12479018/toolchains/llvm/prebuilt/linux-x86_64/sysroot/usr/lib/arm-linux-androideabi/24/crtend_android.o]
  remove lib [/usr/local/lib/android/sdk/ndk/27.2.12479018/toolchains/llvm/prebuilt/linux-x86_64/lib/clang/18/lib/linux/libclang_rt.builtins-arm-android.a]
  remove lib [/usr/local/lib/android/sdk/ndk/27.2.12479018/toolchains/llvm/prebuilt/linux-x86_64/lib/clang/18/lib/linux/libclang_rt.builtins-arm-android.a]
  collapse library dir [/usr/local/lib/android/sdk/ndk/27.2.12479018/toolchains/llvm/prebuilt/linux-x86_64/lib/clang/18/lib/linux/arm] ==> [/usr/local/lib/android/sdk/ndk/27.2.12479018/toolchains/llvm/prebuilt/linux-x86_64/lib/clang/18/lib/linux/arm]
  collapse library dir [/usr/local/lib/android/sdk/ndk/27.2.12479018/toolchains/llvm/prebuilt/linux-x86_64/sysroot/usr/lib/arm-linux-androideabi/24] ==> [/usr/local/lib/android/sdk/ndk/27.2.12479018/toolchains/llvm/prebuilt/linux-x86_64/sysroot/usr/lib/arm-linux-androideabi/24]
  collapse library dir [/usr/local/lib/android/sdk/ndk/27.2.12479018/toolchains/llvm/prebuilt/linux-x86_64/sysroot/usr/lib/arm-linux-androideabi] ==> [/usr/local/lib/android/sdk/ndk/27.2.12479018/toolchains/llvm/prebuilt/linux-x86_64/sysroot/usr/lib/arm-linux-androideabi]
  collapse library dir [/usr/local/lib/android/sdk/ndk/27.2.12479018/toolchains/llvm/prebuilt/linux-x86_64/sysroot/usr/lib/../lib] ==> [/usr/local/lib/android/sdk/ndk/27.2.12479018/toolchains/llvm/prebuilt/linux-x86_64/sysroot/usr/lib]
  collapse library dir [/usr/local/lib/android/sdk/ndk/27.2.12479018/toolchains/llvm/prebuilt/linux-x86_64/sysroot/usr/lib] ==> [/usr/local/lib/android/sdk/ndk/27.2.12479018/toolchains/llvm/prebuilt/linux-x86_64/sysroot/usr/lib]
  implicit libs: [-l:libunwind.a;dl;c;-l:libunwind.a;dl]
  implicit objs: [/usr/local/lib/android/sdk/ndk/27.2.12479018/toolchains/llvm/prebuilt/linux-x86_64/sysroot/usr/lib/arm-linux-androideabi/24/crtbegin_dynamic.o;/usr/local/lib/android/sdk/ndk/27.2.12479018/toolchains/llvm/prebuilt/linux-x86_64/sysroot/usr/lib/arm-linux-androideabi/24/crtend_android.o]
  implicit dirs: [/usr/local/lib/android/sdk/ndk/27.2.12479018/toolchains/llvm/prebuilt/linux-x86_64/lib/clang/18/lib/linux/arm;/usr/local/lib/android/sdk/ndk/27.2.12479018/toolchains/llvm/prebuilt/linux-x86_64/sysroot/usr/lib/arm-linux-androideabi/24;/usr/local/lib/android/sdk/ndk/27.2.12479018/toolchains/llvm/prebuilt/linux-x86_64/sysroot/usr/lib/arm-linux-androideabi;/usr/local/lib/android/sdk/ndk/27.2.12479018/toolchains/llvm/prebuilt/linux-x86_64/sysroot/usr/lib]
  implicit fwks: []


Detecting CXX compiler ABI info compiled with the following output:
Change Dir: /home/runner/work/Bugdom2-Android/Bugdom2-Android/android/app/.cxx/Debug/x2b5b4t2/armeabi-v7a/CMakeFiles/CMakeTmp

Run Build Command(s):/usr/local/lib/android/sdk/cmake/3.22.1/bin/ninja cmTC_70104 && [1/2] Building CXX object CMakeFiles/cmTC_70104.dir/CMakeCXXCompilerABI.cpp.o
Android (12470979, +pgo, +bolt, +lto, +mlgo, based on r522817c) clang version 18.0.3 (https://android.googlesource.com/toolchain/llvm-project d8003a456d14a3deb8054cdaa529ffbf02d9b262)
Target: armv7-none-linux-android24
Thread model: posix
InstalledDir: /usr/local/lib/android/sdk/ndk/27.2.12479018/toolchains/llvm/prebuilt/linux-x86_64/bin
 (in-process)
 "/usr/local/lib/android/sdk/ndk/27.2.12479018/toolchains/llvm/prebuilt/linux-x86_64/bin/clang++" -cc1 -triple thumbv7-none-linux-android24 -emit-obj -mrelax-all -disable-free -clear-ast-before-backend -disable-llvm-verifier -discard-value-names -main-file-name CMakeCXXCompilerABI.cpp -mrelocation-model pic -pic-level 2 -pic-is-pie -mframe-pointer=all -ffp-contract=on -fno-rounding-math -mconstructor-aliases -funwind-tables=1 -target-cpu generic -target-feature +soft-float-abi -target-feature +vfp2 -target-feature +vfp2sp -target-feature +vfp3 -target-feature +vfp3d16 -target-feature +vfp3d16sp -target-feature +vfp3sp -target-feature -fp16 -target-feature -vfp4 -target-feature -vfp4d16 -target-feature -vfp4d16sp -target-feature -vfp4sp -target-feature -fp-armv8 -target-feature -fp-armv8d16 -target-feature -fp-armv8d16sp -target-feature -fp-armv8sp -target-feature -fullfp16 -target-feature +fp64 -target-feature +d32 -target-feature +neon -target-feature -sha2 -target-feature -aes -target-feature -fp16fml -target-abi aapcs-linux -mfloat-abi soft -debug-info-kind=constructor -dwarf-version=4 -debugger-tuning=gdb -fdebug-compilation-dir=/home/runner/work/Bugdom2-Android/Bugdom2-Android/android/app/.cxx/Debug/x2b5b4t2/armeabi-v7a/CMakeFiles/CMakeTmp -v -ffunction-sections -fdata-sections -fcoverage-compilation-dir=/home/runner/work/Bugdom2-Android/Bugdom2-Android/android/app/.cxx/Debug/x2b5b4t2/armeabi-v7a/CMakeFiles/CMakeTmp -resource-dir /usr/local/lib/android/sdk/ndk/27.2.12479018/toolchains/llvm/prebuilt/linux-x86_64/lib/clang/18 -dependency-file CMakeFiles/cmTC_70104.dir/CMakeCXXCompilerABI.cpp.o.d -MT CMakeFiles/cmTC_70104.dir/CMakeCXXCompilerABI.cpp.o -sys-header-deps -D ANDROID -D _FORTIFY_SOURCE=2 -isysroot /usr/local/lib/android/sdk/ndk/27.2.12479018/toolchains/llvm/prebuilt/linux-x86_64/sysroot -internal-isystem /usr/local/lib/android/sdk/ndk/27.2.12479018/toolchains/llvm/prebuilt/linux-x86_64/sysroot/usr/include/c++/v1 -internal-isystem /usr/local/lib/android/sdk/ndk/27.2.12479018/toolchains/llvm/prebuilt/linux-x86_64/lib/clang/18/include -internal-isystem /usr/local/lib/android/sdk/ndk/27.2.12479018/toolchains/llvm/prebuilt/linux-x86_64/sysroot/usr/local/include -internal-externc-isystem /usr/local/lib/android/sdk/ndk/27.2.12479018/toolchains/llvm/prebuilt/linux-x86_64/sysroot/usr/include/arm-linux-androideabi -internal-externc-isystem /usr/local/lib/android/sdk/ndk/27.2.12479018/toolchains/llvm/prebuilt/linux-x86_64/sysroot/include -internal-externc-isystem /usr/local/lib/android/sdk/ndk/27.2.12479018/toolchains/llvm/prebuilt/linux-x86_64/sysroot/usr/include -Wformat -std=gnu++20 -fdeprecated-macro -ferror-limit 19 -femulated-tls -stack-protector 2 -fno-signed-char -fgnuc-version=4.2.1 -fno-implicit-modules -fcxx-exceptions -fexceptions -D__GCC_HAVE_DWARF2_CFI_ASM=1 -o CMakeFiles/cmTC_70104.dir/CMakeCXXCompilerABI.cpp.o -x c++ /usr/local/lib/android/sdk/cmake/3.22.1/share/cmake-3.22/Modules/CMakeCXXCompilerABI.cpp
clang -cc1 version 18.0.3 based upon LLVM 18.0.3 default target x86_64-unknown-linux-gnu
ignoring nonexistent directory "/usr/local/lib/android/sdk/ndk/27.2.12479018/toolchains/llvm/prebuilt/linux-x86_64/sysroot/usr/local/include"
ignoring nonexistent directory "/usr/local/lib/android/sdk/ndk/27.2.12479018/toolchains/llvm/prebuilt/linux-x86_64/sysroot/include"
#include "..." search starts here:
#include <...> search starts here:
 /usr/local/lib/android/sdk/ndk/27.2.12479018/toolchains/llvm/prebuilt/linux-x86_64/sysroot/usr/include/c++/v1
 /usr/local/lib/android/sdk/ndk/27.2.12479018/toolchains/llvm/prebuilt/linux-x86_64/lib/clang/18/include
 /usr/local/lib/android/sdk/ndk/27.2.12479018/toolchains/llvm/prebuilt/linux-x86_64/sysroot/usr/include/arm-linux-androideabi
 /usr/local/lib/android/sdk/ndk/27.2.12479018/toolchains/llvm/prebuilt/linux-x86_64/sysroot/usr/include
End of search list.
[2/2] Linking CXX executable cmTC_70104
Android (12470979, +pgo, +bolt, +lto, +mlgo, based on r522817c) clang version 18.0.3 (https://android.googlesource.com/toolchain/llvm-project d8003a456d14a3deb8054cdaa529ffbf02d9b262)
Target: armv7-none-linux-android24
Thread model: posix
InstalledDir: /usr/local/lib/android/sdk/ndk/27.2.12479018/toolchains/llvm/prebuilt/linux-x86_64/bin
 "/usr/local/lib/android/sdk/ndk/27.2.12479018/toolchains/llvm/prebuilt/linux-x86_64/bin/ld.lld" --sysroot=/usr/local/lib/android/sdk/ndk/27.2.12479018/toolchains/llvm/prebuilt/linux-x86_64/sysroot -EL -z now -z relro -z max-page-size=4096 -X --hash-style=gnu --eh-frame-hdr -m armelf_linux_eabi -pie -dynamic-linker /system/bin/linker -o cmTC_70104 /usr/local/lib/android/sdk/ndk/27.2.12479018/toolchains/llvm/prebuilt/linux-x86_64/sysroot/usr/lib/arm-linux-androideabi/24/crtbegin_dynamic.o -L/usr/local/lib/android/sdk/ndk/27.2.12479018/toolchains/llvm/prebuilt/linux-x86_64/lib/clang/18/lib/linux/arm -L/usr/local/lib/android/sdk/ndk/27.2.12479018/toolchains/llvm/prebuilt/linux-x86_64/sysroot/usr/lib/arm-linux-androideabi/24 -L/usr/local/lib/android/sdk/ndk/27.2.12479018/toolchains/llvm/prebuilt/linux-x86_64/sysroot/usr/lib/arm-linux-androideabi -L/usr/local/lib/android/sdk/ndk/27.2.12479018/toolchains/llvm/prebuilt/linux-x86_64/sysroot/usr/lib/../lib -L/usr/local/lib/android/sdk/ndk/27.2.12479018/toolchains/llvm/prebuilt/linux-x86_64/sysroot/usr/lib --build-id=sha1 --no-rosegment --no-undefined-version --fatal-warnings --no-undefined CMakeFiles/cmTC_70104.dir/CMakeCXXCompilerABI.cpp.o -lc++ -lm /usr/local/lib/android/sdk/ndk/27.2.12479018/toolchains/llvm/prebuilt/linux-x86_64/lib/clang/18/lib/linux/libclang_rt.builtins-arm-android.a -l:libunwind.a -ldl -lc /usr/local/lib/android/sdk/ndk/27.2.12479018/toolchains/llvm/prebuilt/linux-x86_64/lib/clang/18/lib/linux/libclang_rt.builtins-arm-android.a -l:libunwind.a -ldl /usr/local/lib/android/sdk/ndk/27.2.12479018/toolchains/llvm/prebuilt/linux-x86_64/sysroot/usr/lib/arm-linux-androideabi/24/crtend_android.o



Parsed CXX implicit include dir info from above output: rv=done
  found start of include info
  found start of implicit include info
    add: [/usr/local/lib/android/sdk/ndk/27.2.12479018/toolchains/llvm/prebuilt/linux-x86_64/sysroot/usr/include/c++/v1]
    add: [/usr/local/lib/android/sdk/ndk/27.2.12479018/toolchains/llvm/prebuilt/linux-x86_64/lib/clang/18/include]
    add: [/usr/local/lib/android/sdk/ndk/27.2.12479018/toolchains/llvm/prebuilt/linux-x86_64/sysroot/usr/include/arm-linux-androideabi]
    add: [/usr/local/lib/android/sdk/ndk/27.2.12479018/toolchains/llvm/prebuilt/linux-x86_64/sysroot/usr/include]
  end of search list found
  collapse include dir [/usr/local/lib/android/sdk/ndk/27.2.12479018/toolchains/llvm/prebuilt/linux-x86_64/sysroot/usr/include/c++/v1] ==> [/usr/local/lib/android/sdk/ndk/27.2.12479018/toolchains/llvm/prebuilt/linux-x86_64/sysroot/usr/include/c++/v1]
  collapse include dir [/usr/local/lib/android/sdk/ndk/27.2.12479018/toolchains/llvm/prebuilt/linux-x86_64/lib/clang/18/include] ==> [/usr/local/lib/android/sdk/ndk/27.2.12479018/toolchains/llvm/prebuilt/linux-x86_64/lib/clang/18/include]
  collapse include dir [/usr/local/lib/android/sdk/ndk/27.2.12479018/toolchains/llvm/prebuilt/linux-x86_64/sysroot/usr/include/arm-linux-androideabi] ==> [/usr/local/lib/android/sdk/ndk/27.2.12479018/toolchains/llvm/prebuilt/linux-x86_64/sysroot/usr/include/arm-linux-androideabi]
  collapse include dir [/usr/local/lib/android/sdk/ndk/27.2.12479018/toolchains/llvm/prebuilt/linux-x86_64/sysroot/usr/include] ==> [/usr/local/lib/android/sdk/ndk/27.2.12479018/toolchains/llvm/prebuilt/linux-x86_64/sysroot/usr/include]
  implicit include dirs: [/usr/local/lib/android/sdk/ndk/27.2.12479018/toolchains/llvm/prebuilt/linux-x86_64/sysroot/usr/include/c++/v1;/usr/local/lib/android/sdk/ndk/27.2.12479018/toolchains/llvm/prebuilt/linux-x86_64/lib/clang/18/include;/usr/local/lib/android/sdk/ndk/27.2.12479018/toolchains/llvm/prebuilt/linux-x86_64/sysroot/usr/include/arm-linux-androideabi;/usr/local/lib/android/sdk/ndk/27.2.12479018/toolchains/llvm/prebuilt/linux-x86_64/sysroot/usr/include]


Parsed CXX implicit link information from above output:
  link line regex: [^( *|.*[/\])(ld\.lld|CMAKE_LINK_STARTFILE-NOTFOUND|([^/\]+-)?ld|collect2)[^/\]*( |$)]
  ignore line: [Change Dir: /home/runner/work/Bugdom2-Android/Bugdom2-Android/android/app/.cxx/Debug/x2b5b4t2/armeabi-v7a/CMakeFiles/CMakeTmp]
  ignore line: []
  ignore line: [Run Build Command(s):/usr/local/lib/android/sdk/cmake/3.22.1/bin/ninja cmTC_70104 && [1/2] Building CXX object CMakeFiles/cmTC_70104.dir/CMakeCXXCompilerABI.cpp.o]
  ignore line: [Android (12470979  +pgo  +bolt  +lto  +mlgo  based on r522817c) clang version 18.0.3 (https://android.googlesource.com/toolchain/llvm-project d8003a456d14a3deb8054cdaa529ffbf02d9b262)]
  ignore line: [Target: armv7-none-linux-android24]
  ignore line: [Thread model: posix]
  ignore line: [InstalledDir: /usr/local/lib/android/sdk/ndk/27.2.12479018/toolchains/llvm/prebuilt/linux-x86_64/bin]
  ignore line: [ (in-process)]
  ignore line: [ "/usr/local/lib/android/sdk/ndk/27.2.12479018/toolchains/llvm/prebuilt/linux-x86_64/bin/clang++" -cc1 -triple thumbv7-none-linux-android24 -emit-obj -mrelax-all -disable-free -clear-ast-before-backend -disable-llvm-verifier -discard-value-names -main-file-name CMakeCXXCompilerABI.cpp -mrelocation-model pic -pic-level 2 -pic-is-pie -mframe-pointer=all -ffp-contract=on -fno-rounding-math -mconstructor-aliases -funwind-tables=1 -target-cpu generic -target-feature +soft-float-abi -target-feature +vfp2 -target-feature +vfp2sp -target-feature +vfp3 -target-feature +vfp3d16 -target-feature +vfp3d16sp -target-feature +vfp3sp -target-feature -fp16 -target-feature -vfp4 -target-feature -vfp4d16 -target-feature -vfp4d16sp -target-feature -vfp4sp -target-feature -fp-armv8 -target-feature -fp-armv8d16 -target-feature -fp-armv8d16sp -target-feature -fp-armv8sp -target-feature -fullfp16 -target-feature +fp64 -target-feature +d32 -target-feature +neon -target-feature -sha2 -target-feature -aes -target-feature -fp16fml -target-abi aapcs-linux -mfloat-abi soft -debug-info-kind=constructor -dwarf-version=4 -debugger-tuning=gdb -fdebug-compilation-dir=/home/runner/work/Bugdom2-Android/Bugdom2-Android/android/app/.cxx/Debug/x2b5b4t2/armeabi-v7a/CMakeFiles/CMakeTmp -v -ffunction-sections -fdata-sections -fcoverage-compilation-dir=/home/runner/work/Bugdom2-Android/Bugdom2-Android/android/app/.cxx/Debug/x2b5b4t2/armeabi-v7a/CMakeFiles/CMakeTmp -resource-dir /usr/local/lib/android/sdk/ndk/27.2.12479018/toolchains/llvm/prebuilt/linux-x86_64/lib/clang/18 -dependency-file CMakeFiles/cmTC_70104.dir/CMakeCXXCompilerABI.cpp.o.d -MT CMakeFiles/cmTC_70104.dir/CMakeCXXCompilerABI.cpp.o -sys-header-deps -D ANDROID -D _FORTIFY_SOURCE=2 -isysroot /usr/local/lib/android/sdk/ndk/27.2.12479018/toolchains/llvm/prebuilt/linux-x86_64/sysroot -internal-isystem /usr/local/lib/android/sdk/ndk/27.2.12479018/toolchains/llvm/prebuilt/linux-x86_64/sysroot/usr/include/c++/v1 -internal-isystem /usr/local/lib/android/sdk/ndk/27.2.12479018/toolchains/llvm/prebuilt/linux-x86_64/lib/clang/18/include -internal-isystem /usr/local/lib/android/sdk/ndk/27.2.12479018/toolchains/llvm/prebuilt/linux-x86_64/sysroot/usr/local/include -internal-externc-isystem /usr/local/lib/android/sdk/ndk/27.2.12479018/toolchains/llvm/prebuilt/linux-x86_64/sysroot/usr/include/arm-linux-androideabi -internal-externc-isystem /usr/local/lib/android/sdk/ndk/27.2.12479018/toolchains/llvm/prebuilt/linux-x86_64/sysroot/include -internal-externc-isystem /usr/local/lib/android/sdk/ndk/27.2.12479018/toolchains/llvm/prebuilt/linux-x86_64/sysroot/usr/include -Wformat -std=gnu++20 -fdeprecated-macro -ferror-limit 19 -femulated-tls -stack-protector 2 -fno-signed-char -fgnuc-version=4.2.1 -fno-implicit-modules -fcxx-exceptions -fexceptions -D__GCC_HAVE_DWARF2_CFI_ASM=1 -o CMakeFiles/cmTC_70104.dir/CMakeCXXCompilerABI.cpp.o -x c++ /usr/local/lib/android/sdk/cmake/3.22.1/share/cmake-3.22/Modules/CMakeCXXCompilerABI.cpp]
  ignore line: [clang -cc1 version 18.0.3 based upon LLVM 18.0.3 default target x86_64-unknown-linux-gnu]
  ignore line: [ignoring nonexistent directory "/usr/local/lib/android/sdk/ndk/27.2.12479018/toolchains/llvm/prebuilt/linux-x86_64/sysroot/usr/local/include"]
  ignore line: [ignoring nonexistent directory "/usr/local/lib/android/sdk/ndk/27.2.12479018/toolchains/llvm/prebuilt/linux-x86_64/sysroot/include"]
  ignore line: [#include "..." search starts here:]
  ignore line: [#include <...> search starts here:]
  ignore line: [ /usr/local/lib/android/sdk/ndk/27.2.12479018/toolchains/llvm/prebuilt/linux-x86_64/sysroot/usr/include/c++/v1]
  ignore line: [ /usr/local/lib/android/sdk/ndk/27.2.12479018/toolchains/llvm/prebuilt/linux-x86_64/lib/clang/18/include]
  ignore line: [ /usr/local/lib/android/sdk/ndk/27.2.12479018/toolchains/llvm/prebuilt/linux-x86_64/sysroot/usr/include/arm-linux-androideabi]
  ignore line: [ /usr/local/lib/android/sdk/ndk/27.2.12479018/toolchains/llvm/prebuilt/linux-x86_64/sysroot/usr/include]
  ignore line: [End of search list.]
  ignore line: [[2/2] Linking CXX executable cmTC_70104]
  ignore line: [Android (12470979  +pgo  +bolt  +lto  +mlgo  based on r522817c) clang version 18.0.3 (https://android.googlesource.com/toolchain/llvm-project d8003a456d14a3deb8054cdaa529ffbf02d9b262)]
  ignore line: [Target: armv7-none-linux-android24]
  ignore line: [Thread model: posix]
  ignore line: [InstalledDir: /usr/local/lib/android/sdk/ndk/27.2.12479018/toolchains/llvm/prebuilt/linux-x86_64/bin]
  link line: [ "/usr/local/lib/android/sdk/ndk/27.2.12479018/toolchains/llvm/prebuilt/linux-x86_64/bin/ld.lld" --sysroot=/usr/local/lib/android/sdk/ndk/27.2.12479018/toolchains/llvm/prebuilt/linux-x86_64/sysroot -EL -z now -z relro -z max-page-size=4096 -X --hash-style=gnu --eh-frame-hdr -m armelf_linux_eabi -pie -dynamic-linker /system/bin/linker -o cmTC_70104 /usr/local/lib/android/sdk/ndk/27.2.12479018/toolchains/llvm/prebuilt/linux-x86_64/sysroot/usr/lib/arm-linux-androideabi/24/crtbegin_dynamic.o -L/usr/local/lib/android/sdk/ndk/27.2.12479018/toolchains/llvm/prebuilt/linux-x86_64/lib/clang/18/lib/linux/arm -L/usr/local/lib/android/sdk/ndk/27.2.12479018/toolchains/llvm/prebuilt/linux-x86_64/sysroot/usr/lib/arm-linux-androideabi/24 -L/usr/local/lib/android/sdk/ndk/27.2.12479018/toolchains/llvm/prebuilt/linux-x86_64/sysroot/usr/lib/arm-linux-androideabi -L/usr/local/lib/android/sdk/ndk/27.2.12479018/toolchains/llvm/prebuilt/linux-x86_64/sysroot/usr/lib/../lib -L/usr/local/lib/android/sdk/ndk/27.2.12479018/toolchains/llvm/prebuilt/linux-x86_64/sysroot/usr/lib --build-id=sha1 --no-rosegment --no-undefined-version --fatal-warnings --no-undefined CMakeFiles/cmTC_70104.dir/CMakeCXXCompilerABI.cpp.o -lc++ -lm /usr/local/lib/android/sdk/ndk/27.2.12479018/toolchains/llvm/prebuilt/linux-x86_64/lib/clang/18/lib/linux/libclang_rt.builtins-arm-android.a -l:libunwind.a -ldl -lc /usr/local/lib/android/sdk/ndk/27.2.12479018/toolchains/llvm/prebuilt/linux-x86_64/lib/clang/18/lib/linux/libclang_rt.builtins-arm-android.a -l:libunwind.a -ldl /usr/local/lib/android/sdk/ndk/27.2.12479018/toolchains/llvm/prebuilt/linux-x86_64/sysroot/usr/lib/arm-linux-androideabi/24/crtend_android.o]
    arg [/usr/local/lib/android/sdk/ndk/27.2.12479018/toolchains/llvm/prebuilt/linux-x86_64/bin/ld.lld] ==> ignore
    arg [--sysroot=/usr/local/lib/android/sdk/ndk/27.2.12479018/toolchains/llvm/prebuilt/linux-x86_64/sysroot] ==> ignore
    arg [-EL] ==> ignore
    arg [-znow] ==> ignore
    arg [-zrelro] ==> ignore
    arg [-zmax-page-size=4096] ==> ignore
    arg [-X] ==> ignore
    arg [--hash-style=gnu] ==> ignore
    arg [--eh-frame-hdr] ==> ignore
    arg [-m] ==> ignore
    arg [armelf_linux_eabi] ==> ignore
    arg [-pie] ==> ignore
    arg [-dynamic-linker] ==> ignore
    arg [/system/bin/linker] ==> ignore
    arg [-o] ==> ignore
    arg [cmTC_70104] ==> ignore
    arg [/usr/local/lib/android/sdk/ndk/27.2.12479018/toolchains/llvm/prebuilt/linux-x86_64/sysroot/usr/lib/arm-linux-androideabi/24/crtbegin_dynamic.o] ==> obj [/usr/local/lib/android/sdk/ndk/27.2.12479018/toolchains/llvm/prebuilt/linux-x86_64/sysroot/usr/lib/arm-linux-androideabi/24/crtbegin_dynamic.o]
    arg [-L/usr/local/lib/android/sdk/ndk/27.2.12479018/toolchains/llvm/prebuilt/linux-x86_64/lib/clang/18/lib/linux/arm] ==> dir [/usr/local/lib/android/sdk/ndk/27.2.12479018/toolchains/llvm/prebuilt/linux-x86_64/lib/clang/18/lib/linux/arm]
    arg [-L/usr/local/lib/android/sdk/ndk/27.2.12479018/toolchains/llvm/prebuilt/linux-x86_64/sysroot/usr/lib/arm-linux-androideabi/24] ==> dir [/usr/local/lib/android/sdk/ndk/27.2.12479018/toolchains/llvm/prebuilt/linux-x86_64/sysroot/usr/lib/arm-linux-androideabi/24]
    arg [-L/usr/local/lib/android/sdk/ndk/27.2.12479018/toolchains/llvm/prebuilt/linux-x86_64/sysroot/usr/lib/arm-linux-androideabi] ==> dir [/usr/local/lib/android/sdk/ndk/27.2.12479018/toolchains/llvm/prebuilt/linux-x86_64/sysroot/usr/lib/arm-linux-androideabi]
    arg [-L/usr/local/lib/android/sdk/ndk/27.2.12479018/toolchains/llvm/prebuilt/linux-x86_64/sysroot/usr/lib/../lib] ==> dir [/usr/local/lib/android/sdk/ndk/27.2.12479018/toolchains/llvm/prebuilt/linux-x86_64/sysroot/usr/lib/../lib]
    arg [-L/usr/local/lib/android/sdk/ndk/27.2.12479018/toolchains/llvm/prebuilt/linux-x86_64/sysroot/usr/lib] ==> dir [/usr/local/lib/android/sdk/ndk/27.2.12479018/toolchains/llvm/prebuilt/linux-x86_64/sysroot/usr/lib]
    arg [--build-id=sha1] ==> ignore
    arg [--no-rosegment] ==> ignore
    arg [--no-undefined-version] ==> ignore
    arg [--fatal-warnings] ==> ignore
    arg [--no-undefined] ==> ignore
    arg [CMakeFiles/cmTC_70104.dir/CMakeCXXCompilerABI.cpp.o] ==> ignore
    arg [-lc++] ==> lib [c++]
    arg [-lm] ==> lib [m]
    arg [/usr/local/lib/android/sdk/ndk/27.2.12479018/toolchains/llvm/prebuilt/linux-x86_64/lib/clang/18/lib/linux/libclang_rt.builtins-arm-android.a] ==> lib [/usr/local/lib/android/sdk/ndk/27.2.12479018/toolchains/llvm/prebuilt/linux-x86_64/lib/clang/18/lib/linux/libclang_rt.builtins-arm-android.a]
    arg [-l:libunwind.a] ==> lib [-l:libunwind.a]
    arg [-ldl] ==> lib [dl]
    arg [-lc] ==> lib [c]
    arg [/usr/local/lib/android/sdk/ndk/27.2.12479018/toolchains/llvm/prebuilt/linux-x86_64/lib/clang/18/lib/linux/libclang_rt.builtins-arm-android.a] ==> lib [/usr/local/lib/android/sdk/ndk/27.2.12479018/toolchains/llvm/prebuilt/linux-x86_64/lib/clang/18/lib/linux/libclang_rt.builtins-arm-android.a]
    arg [-l:libunwind.a] ==> lib [-l:libunwind.a]
    arg [-ldl] ==> lib [dl]
    arg [/usr/local/lib/android/sdk/ndk/27.2.12479018/toolchains/llvm/prebuilt/linux-x86_64/sysroot/usr/lib/arm-linux-androideabi/24/crtend_android.o] ==> obj [/usr/local/lib/android/sdk/ndk/27.2.12479018/toolchains/llvm/prebuilt/linux-x86_64/sysroot/usr/lib/arm-linux-androideabi/24/crtend_android.o]
  remove lib [/usr/local/lib/android/sdk/ndk/27.2.12479018/toolchains/llvm/prebuilt/linux-x86_64/lib/clang/18/lib/linux/libclang_rt.builtins-arm-android.a]
  remove lib [/usr/local/lib/android/sdk/ndk/27.2.12479018/toolchains/llvm/prebuilt/linux-x86_64/lib/clang/18/lib/linux/libclang_rt.builtins-arm-android.a]
  collapse library dir [/usr/local/lib/android/sdk/ndk/27.2.12479018/toolchains/llvm/prebuilt/linux-x86_64/lib/clang/18/lib/linux/arm] ==> [/usr/local/lib/android/sdk/ndk/27.2.12479018/toolchains/llvm/prebuilt/linux-x86_64/lib/clang/18/lib/linux/arm]
  collapse library dir [/usr/local/lib/android/sdk/ndk/27.2.12479018/toolchains/llvm/prebuilt/linux-x86_64/sysroot/usr/lib/arm-linux-androideabi/24] ==> [/usr/local/lib/android/sdk/ndk/27.2.12479018/toolchains/llvm/prebuilt/linux-x86_64/sysroot/usr/lib/arm-linux-androideabi/24]
  collapse library dir [/usr/local/lib/android/sdk/ndk/27.2.12479018/toolchains/llvm/prebuilt/linux-x86_64/sysroot/usr/lib/arm-linux-androideabi] ==> [/usr/local/lib/android/sdk/ndk/27.2.12479018/toolchains/llvm/prebuilt/linux-x86_64/sysroot/usr/lib/arm-linux-androideabi]
  collapse library dir [/usr/local/lib/android/sdk/ndk/27.2.12479018/toolchains/llvm/prebuilt/linux-x86_64/sysroot/usr/lib/../lib] ==> [/usr/local/lib/android/sdk/ndk/27.2.12479018/toolchains/llvm/prebuilt/linux-x86_64/sysroot/usr/lib]
  collapse library dir [/usr/local/lib/android/sdk/ndk/27.2.12479018/toolchains/llvm/prebuilt/linux-x86_64/sysroot/usr/lib] ==> [/usr/local/lib/android/sdk/ndk/27.2.12479018/toolchains/llvm/prebuilt/linux-x86_64/sysroot/usr/lib]
  implicit libs: [c++;m;-l:libunwind.a;dl;c;-l:libunwind.a;dl]
  implicit objs: [/usr/local/lib/android/sdk/ndk/27.2.12479018/toolchains/llvm/prebuilt/linux-x86_64/sysroot/usr/lib/arm-linux-androideabi/24/crtbegin_dynamic.o;/usr/local/lib/android/sdk/ndk/27.2.12479018/toolchains/llvm/prebuilt/linux-x86_64/sysroot/usr/lib/arm-linux-androideabi/24/crtend_android.o]
  implicit dirs: [/usr/local/lib/android/sdk/ndk/27.2.12479018/toolchains/llvm/prebuilt/linux-x86_64/lib/clang/18/lib/linux/arm;/usr/local/lib/android/sdk/ndk/27.2.12479018/toolchains/llvm/prebuilt/linux-x86_64/sysroot/usr/lib/arm-linux-androideabi/24;/usr/local/lib/android/sdk/ndk/27.2.12479018/toolchains/llvm/prebuilt/linux-x86_64/sysroot/usr/lib/arm-linux-androideabi;/usr/local/lib/android/sdk/ndk/27.2.12479018/toolchains/llvm/prebuilt/linux-x86_64/sysroot/usr/lib]
  implicit fwks: []


Performing C SOURCE FILE Test HAVE_GCC_WALL succeeded with the following output:
Change Dir: /home/runner/work/Bugdom2-Android/Bugdom2-Android/android/app/.cxx/Debug/x2b5b4t2/armeabi-v7a/CMakeFiles/CMakeTmp

Run Build Command(s):/usr/local/lib/android/sdk/cmake/3.22.1/bin/ninja cmTC_9c4a6 && [1/2] Building C object CMakeFiles/cmTC_9c4a6.dir/src.c.o
[2/2] Linking C executable cmTC_9c4a6


Source file was:
int main(void) { return 0; }
Performing C SOURCE FILE Test HAVE_GCC_WUNDEF succeeded with the following output:
Change Dir: /home/runner/work/Bugdom2-Android/Bugdom2-Android/android/app/.cxx/Debug/x2b5b4t2/armeabi-v7a/CMakeFiles/CMakeTmp

Run Build Command(s):/usr/local/lib/android/sdk/cmake/3.22.1/bin/ninja cmTC_663d2 && [1/2] Building C object CMakeFiles/cmTC_663d2.dir/src.c.o
[2/2] Linking C executable cmTC_663d2


Source file was:
int main(void) { return 0; }
Performing C SOURCE FILE Test HAVE_GCC_WFLOAT_CONVERSION succeeded with the following output:
Change Dir: /home/runner/work/Bugdom2-Android/Bugdom2-Android/android/app/.cxx/Debug/x2b5b4t2/armeabi-v7a/CMakeFiles/CMakeTmp

Run Build Command(s):/usr/local/lib/android/sdk/cmake/3.22.1/bin/ninja cmTC_69435 && [1/2] Building C object CMakeFiles/cmTC_69435.dir/src.c.o
[2/2] Linking C executable cmTC_69435


Source file was:
int main(void) { return 0; }
Performing C SOURCE FILE Test HAVE_GCC_NO_STRICT_ALIASING succeeded with the following output:
Change Dir: /home/runner/work/Bugdom2-Android/Bugdom2-Android/android/app/.cxx/Debug/x2b5b4t2/armeabi-v7a/CMakeFiles/CMakeTmp

Run Build Command(s):/usr/local/lib/android/sdk/cmake/3.22.1/bin/ninja cmTC_a5673 && [1/2] Building C object CMakeFiles/cmTC_a5673.dir/src.c.o
[2/2] Linking C executable cmTC_a5673


Source file was:
int main(void) { return 0; }
Performing C SOURCE FILE Test HAVE_GCC_WDOCUMENTATION succeeded with the following output:
Change Dir: /home/runner/work/Bugdom2-Android/Bugdom2-Android/android/app/.cxx/Debug/x2b5b4t2/armeabi-v7a/CMakeFiles/CMakeTmp

Run Build Command(s):/usr/local/lib/android/sdk/cmake/3.22.1/bin/ninja cmTC_1d003 && [1/2] Building C object CMakeFiles/cmTC_1d003.dir/src.c.o
[2/2] Linking C executable cmTC_1d003


Source file was:
int main(void) { return 0; }
Performing C SOURCE FILE Test HAVE_GCC_WDOCUMENTATION_UNKNOWN_COMMAND succeeded with the following output:
Change Dir: /home/runner/work/Bugdom2-Android/Bugdom2-Android/android/app/.cxx/Debug/x2b5b4t2/armeabi-v7a/CMakeFiles/CMakeTmp

Run Build Command(s):/usr/local/lib/android/sdk/cmake/3.22.1/bin/ninja cmTC_e985d && [1/2] Building C object CMakeFiles/cmTC_e985d.dir/src.c.o
[2/2] Linking C executable cmTC_e985d


Source file was:
int main(void) { return 0; }
Performing C SOURCE FILE Test HAVE_GCC_COMMENT_BLOCK_COMMANDS succeeded with the following output:
Change Dir: /home/runner/work/Bugdom2-Android/Bugdom2-Android/android/app/.cxx/Debug/x2b5b4t2/armeabi-v7a/CMakeFiles/CMakeTmp

Run Build Command(s):/usr/local/lib/android/sdk/cmake/3.22.1/bin/ninja cmTC_37547 && [1/2] Building C object CMakeFiles/cmTC_37547.dir/src.c.o
[2/2] Linking C executable cmTC_37547


Source file was:
int main(void) { return 0; }
Performing C SOURCE FILE Test HAVE_GCC_WSHADOW succeeded with the following output:
Change Dir: /home/runner/work/Bugdom2-Android/Bugdom2-Android/android/app/.cxx/Debug/x2b5b4t2/armeabi-v7a/CMakeFiles/CMakeTmp

Run Build Command(s):/usr/local/lib/android/sdk/cmake/3.22.1/bin/ninja cmTC_912e1 && [1/2] Building C object CMakeFiles/cmTC_912e1.dir/src.c.o
[2/2] Linking C executable cmTC_912e1


Source file was:
int main(void) { return 0; }
Performing C SOURCE FILE Test HAVE_GCC_WUNUSED_LOCAL_TYPEDEFS succeeded with the following output:
Change Dir: /home/runner/work/Bugdom2-Android/Bugdom2-Android/android/app/.cxx/Debug/x2b5b4t2/armeabi-v7a/CMakeFiles/CMakeTmp

Run Build Command(s):/usr/local/lib/android/sdk/cmake/3.22.1/bin/ninja cmTC_eb1d3 && [1/2] Building C object CMakeFiles/cmTC_eb1d3.dir/src.c.o
[2/2] Linking C executable cmTC_eb1d3


Source file was:
int main(void) { return 0; }
Performing C SOURCE FILE Test HAVE_GCC_WIMPLICIT_FALLTHROUGH succeeded with the following output:
Change Dir: /home/runner/work/Bugdom2-Android/Bugdom2-Android/android/app/.cxx/Debug/x2b5b4t2/armeabi-v7a/CMakeFiles/CMakeTmp

Run Build Command(s):/usr/local/lib/android/sdk/cmake/3.22.1/bin/ninja cmTC_f2684 && [1/2] Building C object CMakeFiles/cmTC_f2684.dir/src.c.o
[2/2] Linking C executable cmTC_f2684


Source file was:
int main(void) { return 0; }
Performing C SOURCE FILE Test COMPILER_SUPPORTS_FCOLOR_DIAGNOSTICS succeeded with the following output:
Change Dir: /home/runner/work/Bugdom2-Android/Bugdom2-Android/android/app/.cxx/Debug/x2b5b4t2/armeabi-v7a/CMakeFiles/CMakeTmp

Run Build Command(s):/usr/local/lib/android/sdk/cmake/3.22.1/bin/ninja cmTC_76c13 && [1/2] Building C object CMakeFiles/cmTC_76c13.dir/src.c.o
[2/2] Linking C executable cmTC_76c13


Source file was:
int main(void) { return 0; }
Performing C SOURCE FILE Test HAVE_WL_VERSION_SCRIPT succeeded with the following output:
Change Dir: /home/runner/work/Bugdom2-Android/Bugdom2-Android/android/app/.cxx/Debug/x2b5b4t2/armeabi-v7a/CMakeFiles/CMakeTmp

Run Build Command(s):/usr/local/lib/android/sdk/cmake/3.22.1/bin/ninja cmTC_283f5 && [1/2] Building C object CMakeFiles/cmTC_283f5.dir/src.c.o
[2/2] Linking C executable cmTC_283f5


Source file was:
int func(void) {return 0;} int main(int argc,char*argv[]){(void)argc;(void)argv;return func();}
Performing C SOURCE FILE Test COMPILER_SUPPORTS_GCC_ATOMICS succeeded with the following output:
Change Dir: /home/runner/work/Bugdom2-Android/Bugdom2-Android/android/app/.cxx/Debug/x2b5b4t2/armeabi-v7a/CMakeFiles/CMakeTmp

Run Build Command(s):/usr/local/lib/android/sdk/cmake/3.22.1/bin/ninja cmTC_d8151 && [1/2] Building C object CMakeFiles/cmTC_d8151.dir/src.c.o
[2/2] Linking C executable cmTC_d8151


Source file was:
int main(int argc, char **argv) {
        int a;
        void *x, *y, *z;
        __sync_lock_test_and_set(&a, 4);
        __sync_lock_test_and_set(&x, y);
        __sync_fetch_and_add(&a, 1);
        __sync_bool_compare_and_swap(&a, 5, 10);
        __sync_bool_compare_and_swap(&x, y, z);
        return 0; }
Performing C SOURCE FILE Test HAVE_GCC_FVISIBILITY succeeded with the following output:
Change Dir: /home/runner/work/Bugdom2-Android/Bugdom2-Android/android/app/.cxx/Debug/x2b5b4t2/armeabi-v7a/CMakeFiles/CMakeTmp

Run Build Command(s):/usr/local/lib/android/sdk/cmake/3.22.1/bin/ninja cmTC_39a5a && [1/2] Building C object CMakeFiles/cmTC_39a5a.dir/src.c.o
[2/2] Linking C executable cmTC_39a5a


Source file was:

      #if !defined(__GNUC__) || __GNUC__ < 4
      #error SDL only uses visibility attributes in GCC 4 or newer
      #endif
      __attribute__((visibility("default"))) int foo(void);
      __attribute__((visibility("hidden")))  int bar(void);
      int foo(void) { return 0; }
      int bar(void) { return 1; }
      int main(void) { return 0; }
Performing C SOURCE FILE Test LINKER_SUPPORTS_WL_NO_UNDEFINED succeeded with the following output:
Change Dir: /home/runner/work/Bugdom2-Android/Bugdom2-Android/android/app/.cxx/Debug/x2b5b4t2/armeabi-v7a/CMakeFiles/CMakeTmp

Run Build Command(s):/usr/local/lib/android/sdk/cmake/3.22.1/bin/ninja cmTC_0f522 && [1/2] Building C object CMakeFiles/cmTC_0f522.dir/src.c.o
[2/2] Linking C executable cmTC_0f522


Source file was:
int main() { return 0; }
Performing C SOURCE FILE Test COMPILER_SUPPORTS_ARMNEON succeeded with the following output:
Change Dir: /home/runner/work/Bugdom2-Android/Bugdom2-Android/android/app/.cxx/Debug/x2b5b4t2/armeabi-v7a/CMakeFiles/CMakeTmp

Run Build Command(s):/usr/local/lib/android/sdk/cmake/3.22.1/bin/ninja cmTC_119f9 && [1/2] Building C object CMakeFiles/cmTC_119f9.dir/src.c.o
[2/2] Linking C executable cmTC_119f9


Source file was:

    #if 0
    # if defined(__arm__) || defined(__aarch64__)
    #  define test_enabled 1
    # else
    #  define test_enabled 0 /* feign success in Apple multi-arch configs */
    # endif
    #else                    /* test normally */
    # define test_enabled 1
    #endif
    #if test_enabled
          #include <arm_neon.h>
      void floats_add(float *dest, float *a, float *b, unsigned size) {
        for (; size >= 4; size -= 4, dest += 4, a += 4, b += 4) {
          vst1q_f32(dest, vaddq_f32(vld1q_f32(a), vld1q_f32(b)));
        }
      }
      int main(int argc, char *argv[]) {
        floats_add((float*)0, (float*)0, (float*)0, 0);
        return 0;
      }
    #else
    int main(int argc, char *argv[]) {
      (void)argc;
      (void)argv;
      return 0;
    }
    #endif
Determining if the include file alloca.h exists passed with the following output:
Change Dir: /home/runner/work/Bugdom2-Android/Bugdom2-Android/android/app/.cxx/Debug/x2b5b4t2/armeabi-v7a/CMakeFiles/CMakeTmp

Run Build Command(s):/usr/local/lib/android/sdk/cmake/3.22.1/bin/ninja cmTC_cdd9b && [1/2] Building C object CMakeFiles/cmTC_cdd9b.dir/CheckIncludeFile.c.o
[2/2] Linking C executable cmTC_cdd9b



Determining if the include file float.h exists passed with the following output:
Change Dir: /home/runner/work/Bugdom2-Android/Bugdom2-Android/android/app/.cxx/Debug/x2b5b4t2/armeabi-v7a/CMakeFiles/CMakeTmp

Run Build Command(s):/usr/local/lib/android/sdk/cmake/3.22.1/bin/ninja cmTC_34a40 && [1/2] Building C object CMakeFiles/cmTC_34a40.dir/CheckIncludeFile.c.o
[2/2] Linking C executable cmTC_34a40



Determining if the include file iconv.h exists passed with the following output:
Change Dir: /home/runner/work/Bugdom2-Android/Bugdom2-Android/android/app/.cxx/Debug/x2b5b4t2/armeabi-v7a/CMakeFiles/CMakeTmp

Run Build Command(s):/usr/local/lib/android/sdk/cmake/3.22.1/bin/ninja cmTC_d5fbb && [1/2] Building C object CMakeFiles/cmTC_d5fbb.dir/CheckIncludeFile.c.o
[2/2] Linking C executable cmTC_d5fbb



Determining if the include file inttypes.h exists passed with the following output:
Change Dir: /home/runner/work/Bugdom2-Android/Bugdom2-Android/android/app/.cxx/Debug/x2b5b4t2/armeabi-v7a/CMakeFiles/CMakeTmp

Run Build Command(s):/usr/local/lib/android/sdk/cmake/3.22.1/bin/ninja cmTC_2090d && [1/2] Building C object CMakeFiles/cmTC_2090d.dir/CheckIncludeFile.c.o
[2/2] Linking C executable cmTC_2090d



Determining if the include file limits.h exists passed with the following output:
Change Dir: /home/runner/work/Bugdom2-Android/Bugdom2-Android/android/app/.cxx/Debug/x2b5b4t2/armeabi-v7a/CMakeFiles/CMakeTmp

Run Build Command(s):/usr/local/lib/android/sdk/cmake/3.22.1/bin/ninja cmTC_0fe05 && [1/2] Building C object CMakeFiles/cmTC_0fe05.dir/CheckIncludeFile.c.o
[2/2] Linking C executable cmTC_0fe05



Determining if the include file malloc.h exists passed with the following output:
Change Dir: /home/runner/work/Bugdom2-Android/Bugdom2-Android/android/app/.cxx/Debug/x2b5b4t2/armeabi-v7a/CMakeFiles/CMakeTmp

Run Build Command(s):/usr/local/lib/android/sdk/cmake/3.22.1/bin/ninja cmTC_58137 && [1/2] Building C object CMakeFiles/cmTC_58137.dir/CheckIncludeFile.c.o
[2/2] Linking C executable cmTC_58137



Determining if the include file math.h exists passed with the following output:
Change Dir: /home/runner/work/Bugdom2-Android/Bugdom2-Android/android/app/.cxx/Debug/x2b5b4t2/armeabi-v7a/CMakeFiles/CMakeTmp

Run Build Command(s):/usr/local/lib/android/sdk/cmake/3.22.1/bin/ninja cmTC_cc2a1 && [1/2] Building C object CMakeFiles/cmTC_cc2a1.dir/CheckIncludeFile.c.o
[2/2] Linking C executable cmTC_cc2a1



Determining if the include file memory.h exists passed with the following output:
Change Dir: /home/runner/work/Bugdom2-Android/Bugdom2-Android/android/app/.cxx/Debug/x2b5b4t2/armeabi-v7a/CMakeFiles/CMakeTmp

Run Build Command(s):/usr/local/lib/android/sdk/cmake/3.22.1/bin/ninja cmTC_4918c && [1/2] Building C object CMakeFiles/cmTC_4918c.dir/CheckIncludeFile.c.o
[2/2] Linking C executable cmTC_4918c



Determining if the include file signal.h exists passed with the following output:
Change Dir: /home/runner/work/Bugdom2-Android/Bugdom2-Android/android/app/.cxx/Debug/x2b5b4t2/armeabi-v7a/CMakeFiles/CMakeTmp

Run Build Command(s):/usr/local/lib/android/sdk/cmake/3.22.1/bin/ninja cmTC_34503 && [1/2] Building C object CMakeFiles/cmTC_34503.dir/CheckIncludeFile.c.o
[2/2] Linking C executable cmTC_34503



Determining if the include file stdarg.h exists passed with the following output:
Change Dir: /home/runner/work/Bugdom2-Android/Bugdom2-Android/android/app/.cxx/Debug/x2b5b4t2/armeabi-v7a/CMakeFiles/CMakeTmp

Run Build Command(s):/usr/local/lib/android/sdk/cmake/3.22.1/bin/ninja cmTC_d9b42 && [1/2] Building C object CMakeFiles/cmTC_d9b42.dir/CheckIncludeFile.c.o
[2/2] Linking C executable cmTC_d9b42



Determining if the include file stdbool.h exists passed with the following output:
Change Dir: /home/runner/work/Bugdom2-Android/Bugdom2-Android/android/app/.cxx/Debug/x2b5b4t2/armeabi-v7a/CMakeFiles/CMakeTmp

Run Build Command(s):/usr/local/lib/android/sdk/cmake/3.22.1/bin/ninja cmTC_24076 && [1/2] Building C object CMakeFiles/cmTC_24076.dir/CheckIncludeFile.c.o
[2/2] Linking C executable cmTC_24076



Determining if the include file stddef.h exists passed with the following output:
Change Dir: /home/runner/work/Bugdom2-Android/Bugdom2-Android/android/app/.cxx/Debug/x2b5b4t2/armeabi-v7a/CMakeFiles/CMakeTmp

Run Build Command(s):/usr/local/lib/android/sdk/cmake/3.22.1/bin/ninja cmTC_6dd6c && [1/2] Building C object CMakeFiles/cmTC_6dd6c.dir/CheckIncludeFile.c.o
[2/2] Linking C executable cmTC_6dd6c



Determining if the include file stdint.h exists passed with the following output:
Change Dir: /home/runner/work/Bugdom2-Android/Bugdom2-Android/android/app/.cxx/Debug/x2b5b4t2/armeabi-v7a/CMakeFiles/CMakeTmp

Run Build Command(s):/usr/local/lib/android/sdk/cmake/3.22.1/bin/ninja cmTC_95579 && [1/2] Building C object CMakeFiles/cmTC_95579.dir/CheckIncludeFile.c.o
[2/2] Linking C executable cmTC_95579



Determining if the include file stdio.h exists passed with the following output:
Change Dir: /home/runner/work/Bugdom2-Android/Bugdom2-Android/android/app/.cxx/Debug/x2b5b4t2/armeabi-v7a/CMakeFiles/CMakeTmp

Run Build Command(s):/usr/local/lib/android/sdk/cmake/3.22.1/bin/ninja cmTC_78129 && [1/2] Building C object CMakeFiles/cmTC_78129.dir/CheckIncludeFile.c.o
[2/2] Linking C executable cmTC_78129



Determining if the include file stdlib.h exists passed with the following output:
Change Dir: /home/runner/work/Bugdom2-Android/Bugdom2-Android/android/app/.cxx/Debug/x2b5b4t2/armeabi-v7a/CMakeFiles/CMakeTmp

Run Build Command(s):/usr/local/lib/android/sdk/cmake/3.22.1/bin/ninja cmTC_a559f && [1/2] Building C object CMakeFiles/cmTC_a559f.dir/CheckIncludeFile.c.o
[2/2] Linking C executable cmTC_a559f



Determining if the include file string.h exists passed with the following output:
Change Dir: /home/runner/work/Bugdom2-Android/Bugdom2-Android/android/app/.cxx/Debug/x2b5b4t2/armeabi-v7a/CMakeFiles/CMakeTmp

Run Build Command(s):/usr/local/lib/android/sdk/cmake/3.22.1/bin/ninja cmTC_440dc && [1/2] Building C object CMakeFiles/cmTC_440dc.dir/CheckIncludeFile.c.o
[2/2] Linking C executable cmTC_440dc



Determining if the include file strings.h exists passed with the following output:
Change Dir: /home/runner/work/Bugdom2-Android/Bugdom2-Android/android/app/.cxx/Debug/x2b5b4t2/armeabi-v7a/CMakeFiles/CMakeTmp

Run Build Command(s):/usr/local/lib/android/sdk/cmake/3.22.1/bin/ninja cmTC_65acf && [1/2] Building C object CMakeFiles/cmTC_65acf.dir/CheckIncludeFile.c.o
[2/2] Linking C executable cmTC_65acf



Determining if the include file sys/types.h exists passed with the following output:
Change Dir: /home/runner/work/Bugdom2-Android/Bugdom2-Android/android/app/.cxx/Debug/x2b5b4t2/armeabi-v7a/CMakeFiles/CMakeTmp

Run Build Command(s):/usr/local/lib/android/sdk/cmake/3.22.1/bin/ninja cmTC_c0df0 && [1/2] Building C object CMakeFiles/cmTC_c0df0.dir/CheckIncludeFile.c.o
[2/2] Linking C executable cmTC_c0df0



Determining if the include file time.h exists passed with the following output:
Change Dir: /home/runner/work/Bugdom2-Android/Bugdom2-Android/android/app/.cxx/Debug/x2b5b4t2/armeabi-v7a/CMakeFiles/CMakeTmp

Run Build Command(s):/usr/local/lib/android/sdk/cmake/3.22.1/bin/ninja cmTC_d4bfb && [1/2] Building C object CMakeFiles/cmTC_d4bfb.dir/CheckIncludeFile.c.o
[2/2] Linking C executable cmTC_d4bfb



Determining if the include file wchar.h exists passed with the following output:
Change Dir: /home/runner/work/Bugdom2-Android/Bugdom2-Android/android/app/.cxx/Debug/x2b5b4t2/armeabi-v7a/CMakeFiles/CMakeTmp

Run Build Command(s):/usr/local/lib/android/sdk/cmake/3.22.1/bin/ninja cmTC_c9e59 && [1/2] Building C object CMakeFiles/cmTC_c9e59.dir/CheckIncludeFile.c.o
[2/2] Linking C executable cmTC_c9e59



Determining if the function pow exists in the m passed with the following output:
Change Dir: /home/runner/work/Bugdom2-Android/Bugdom2-Android/android/app/.cxx/Debug/x2b5b4t2/armeabi-v7a/CMakeFiles/CMakeTmp

Run Build Command(s):/usr/local/lib/android/sdk/cmake/3.22.1/bin/ninja cmTC_b5b09 && [1/2] Building C object CMakeFiles/cmTC_b5b09.dir/CheckFunctionExists.c.o
/usr/local/lib/android/sdk/cmake/3.22.1/share/cmake-3.22/Modules/CheckFunctionExists.c:7:3: warning: incompatible redeclaration of library function 'pow' [-Wincompatible-library-redeclaration]
    7 |   CHECK_FUNCTION_EXISTS(void);
      |   ^
<command line>:3:31: note: expanded from macro 'CHECK_FUNCTION_EXISTS'
    3 | #define CHECK_FUNCTION_EXISTS pow
      |                               ^
/usr/local/lib/android/sdk/cmake/3.22.1/share/cmake-3.22/Modules/CheckFunctionExists.c:7:3: note: 'pow' is a builtin with type 'double (double, double)'
<command line>:3:31: note: expanded from macro 'CHECK_FUNCTION_EXISTS'
    3 | #define CHECK_FUNCTION_EXISTS pow
      |                               ^
1 warning generated.
[2/2] Linking C executable cmTC_b5b09



Determining if the abs exist passed with the following output:
Change Dir: /home/runner/work/Bugdom2-Android/Bugdom2-Android/android/app/.cxx/Debug/x2b5b4t2/armeabi-v7a/CMakeFiles/CMakeTmp

Run Build Command(s):/usr/local/lib/android/sdk/cmake/3.22.1/bin/ninja cmTC_56be6 && [1/2] Building C object CMakeFiles/cmTC_56be6.dir/CheckSymbolExists.c.o
[2/2] Linking C executable cmTC_56be6


File /home/runner/work/Bugdom2-Android/Bugdom2-Android/android/app/.cxx/Debug/x2b5b4t2/armeabi-v7a/CMakeFiles/CMakeTmp/CheckSymbolExists.c:
/* */
#include <float.h>
#include <iconv.h>
#include <inttypes.h>
#include <limits.h>
#include <malloc.h>
#include <math.h>
#include <memory.h>
#include <signal.h>
#include <stdarg.h>
#include <stdbool.h>
#include <stddef.h>
#include <stdint.h>
#include <stdio.h>
#include <stdlib.h>
#include <string.h>
#include <strings.h>
#include <sys/types.h>
#include <time.h>
#include <wchar.h>

int main(int argc, char** argv)
{
  (void)argv;
#ifndef abs
  return ((int*)(&abs))[argc];
#else
  (void)argc;
  return 0;
#endif
}
Determining if the acos exist passed with the following output:
Change Dir: /home/runner/work/Bugdom2-Android/Bugdom2-Android/android/app/.cxx/Debug/x2b5b4t2/armeabi-v7a/CMakeFiles/CMakeTmp

Run Build Command(s):/usr/local/lib/android/sdk/cmake/3.22.1/bin/ninja cmTC_d7a88 && [1/2] Building C object CMakeFiles/cmTC_d7a88.dir/CheckSymbolExists.c.o
[2/2] Linking C executable cmTC_d7a88


File /home/runner/work/Bugdom2-Android/Bugdom2-Android/android/app/.cxx/Debug/x2b5b4t2/armeabi-v7a/CMakeFiles/CMakeTmp/CheckSymbolExists.c:
/* */
#include <float.h>
#include <iconv.h>
#include <inttypes.h>
#include <limits.h>
#include <malloc.h>
#include <math.h>
#include <memory.h>
#include <signal.h>
#include <stdarg.h>
#include <stdbool.h>
#include <stddef.h>
#include <stdint.h>
#include <stdio.h>
#include <stdlib.h>
#include <string.h>
#include <strings.h>
#include <sys/types.h>
#include <time.h>
#include <wchar.h>

int main(int argc, char** argv)
{
  (void)argv;
#ifndef acos
  return ((int*)(&acos))[argc];
#else
  (void)argc;
  return 0;
#endif
}
Determining if the acosf exist passed with the following output:
Change Dir: /home/runner/work/Bugdom2-Android/Bugdom2-Android/android/app/.cxx/Debug/x2b5b4t2/armeabi-v7a/CMakeFiles/CMakeTmp

Run Build Command(s):/usr/local/lib/android/sdk/cmake/3.22.1/bin/ninja cmTC_1c75a && [1/2] Building C object CMakeFiles/cmTC_1c75a.dir/CheckSymbolExists.c.o
[2/2] Linking C executable cmTC_1c75a


File /home/runner/work/Bugdom2-Android/Bugdom2-Android/android/app/.cxx/Debug/x2b5b4t2/armeabi-v7a/CMakeFiles/CMakeTmp/CheckSymbolExists.c:
/* */
#include <float.h>
#include <iconv.h>
#include <inttypes.h>
#include <limits.h>
#include <malloc.h>
#include <math.h>
#include <memory.h>
#include <signal.h>
#include <stdarg.h>
#include <stdbool.h>
#include <stddef.h>
#include <stdint.h>
#include <stdio.h>
#include <stdlib.h>
#include <string.h>
#include <strings.h>
#include <sys/types.h>
#include <time.h>
#include <wchar.h>

int main(int argc, char** argv)
{
  (void)argv;
#ifndef acosf
  return ((int*)(&acosf))[argc];
#else
  (void)argc;
  return 0;
#endif
}
Determining if the asin exist passed with the following output:
Change Dir: /home/runner/work/Bugdom2-Android/Bugdom2-Android/android/app/.cxx/Debug/x2b5b4t2/armeabi-v7a/CMakeFiles/CMakeTmp

Run Build Command(s):/usr/local/lib/android/sdk/cmake/3.22.1/bin/ninja cmTC_ec480 && [1/2] Building C object CMakeFiles/cmTC_ec480.dir/CheckSymbolExists.c.o
[2/2] Linking C executable cmTC_ec480


File /home/runner/work/Bugdom2-Android/Bugdom2-Android/android/app/.cxx/Debug/x2b5b4t2/armeabi-v7a/CMakeFiles/CMakeTmp/CheckSymbolExists.c:
/* */
#include <float.h>
#include <iconv.h>
#include <inttypes.h>
#include <limits.h>
#include <malloc.h>
#include <math.h>
#include <memory.h>
#include <signal.h>
#include <stdarg.h>
#include <stdbool.h>
#include <stddef.h>
#include <stdint.h>
#include <stdio.h>
#include <stdlib.h>
#include <string.h>
#include <strings.h>
#include <sys/types.h>
#include <time.h>
#include <wchar.h>

int main(int argc, char** argv)
{
  (void)argv;
#ifndef asin
  return ((int*)(&asin))[argc];
#else
  (void)argc;
  return 0;
#endif
}
Determining if the asinf exist passed with the following output:
Change Dir: /home/runner/work/Bugdom2-Android/Bugdom2-Android/android/app/.cxx/Debug/x2b5b4t2/armeabi-v7a/CMakeFiles/CMakeTmp

Run Build Command(s):/usr/local/lib/android/sdk/cmake/3.22.1/bin/ninja cmTC_e5af8 && [1/2] Building C object CMakeFiles/cmTC_e5af8.dir/CheckSymbolExists.c.o
[2/2] Linking C executable cmTC_e5af8


File /home/runner/work/Bugdom2-Android/Bugdom2-Android/android/app/.cxx/Debug/x2b5b4t2/armeabi-v7a/CMakeFiles/CMakeTmp/CheckSymbolExists.c:
/* */
#include <float.h>
#include <iconv.h>
#include <inttypes.h>
#include <limits.h>
#include <malloc.h>
#include <math.h>
#include <memory.h>
#include <signal.h>
#include <stdarg.h>
#include <stdbool.h>
#include <stddef.h>
#include <stdint.h>
#include <stdio.h>
#include <stdlib.h>
#include <string.h>
#include <strings.h>
#include <sys/types.h>
#include <time.h>
#include <wchar.h>

int main(int argc, char** argv)
{
  (void)argv;
#ifndef asinf
  return ((int*)(&asinf))[argc];
#else
  (void)argc;
  return 0;
#endif
}
Determining if the atan exist passed with the following output:
Change Dir: /home/runner/work/Bugdom2-Android/Bugdom2-Android/android/app/.cxx/Debug/x2b5b4t2/armeabi-v7a/CMakeFiles/CMakeTmp

Run Build Command(s):/usr/local/lib/android/sdk/cmake/3.22.1/bin/ninja cmTC_7363c && [1/2] Building C object CMakeFiles/cmTC_7363c.dir/CheckSymbolExists.c.o
[2/2] Linking C executable cmTC_7363c


File /home/runner/work/Bugdom2-Android/Bugdom2-Android/android/app/.cxx/Debug/x2b5b4t2/armeabi-v7a/CMakeFiles/CMakeTmp/CheckSymbolExists.c:
/* */
#include <float.h>
#include <iconv.h>
#include <inttypes.h>
#include <limits.h>
#include <malloc.h>
#include <math.h>
#include <memory.h>
#include <signal.h>
#include <stdarg.h>
#include <stdbool.h>
#include <stddef.h>
#include <stdint.h>
#include <stdio.h>
#include <stdlib.h>
#include <string.h>
#include <strings.h>
#include <sys/types.h>
#include <time.h>
#include <wchar.h>

int main(int argc, char** argv)
{
  (void)argv;
#ifndef atan
  return ((int*)(&atan))[argc];
#else
  (void)argc;
  return 0;
#endif
}
Determining if the atan2 exist passed with the following output:
Change Dir: /home/runner/work/Bugdom2-Android/Bugdom2-Android/android/app/.cxx/Debug/x2b5b4t2/armeabi-v7a/CMakeFiles/CMakeTmp

Run Build Command(s):/usr/local/lib/android/sdk/cmake/3.22.1/bin/ninja cmTC_72c8b && [1/2] Building C object CMakeFiles/cmTC_72c8b.dir/CheckSymbolExists.c.o
[2/2] Linking C executable cmTC_72c8b


File /home/runner/work/Bugdom2-Android/Bugdom2-Android/android/app/.cxx/Debug/x2b5b4t2/armeabi-v7a/CMakeFiles/CMakeTmp/CheckSymbolExists.c:
/* */
#include <float.h>
#include <iconv.h>
#include <inttypes.h>
#include <limits.h>
#include <malloc.h>
#include <math.h>
#include <memory.h>
#include <signal.h>
#include <stdarg.h>
#include <stdbool.h>
#include <stddef.h>
#include <stdint.h>
#include <stdio.h>
#include <stdlib.h>
#include <string.h>
#include <strings.h>
#include <sys/types.h>
#include <time.h>
#include <wchar.h>

int main(int argc, char** argv)
{
  (void)argv;
#ifndef atan2
  return ((int*)(&atan2))[argc];
#else
  (void)argc;
  return 0;
#endif
}
Determining if the atan2f exist passed with the following output:
Change Dir: /home/runner/work/Bugdom2-Android/Bugdom2-Android/android/app/.cxx/Debug/x2b5b4t2/armeabi-v7a/CMakeFiles/CMakeTmp

Run Build Command(s):/usr/local/lib/android/sdk/cmake/3.22.1/bin/ninja cmTC_eff3b && [1/2] Building C object CMakeFiles/cmTC_eff3b.dir/CheckSymbolExists.c.o
[2/2] Linking C executable cmTC_eff3b


File /home/runner/work/Bugdom2-Android/Bugdom2-Android/android/app/.cxx/Debug/x2b5b4t2/armeabi-v7a/CMakeFiles/CMakeTmp/CheckSymbolExists.c:
/* */
#include <float.h>
#include <iconv.h>
#include <inttypes.h>
#include <limits.h>
#include <malloc.h>
#include <math.h>
#include <memory.h>
#include <signal.h>
#include <stdarg.h>
#include <stdbool.h>
#include <stddef.h>
#include <stdint.h>
#include <stdio.h>
#include <stdlib.h>
#include <string.h>
#include <strings.h>
#include <sys/types.h>
#include <time.h>
#include <wchar.h>

int main(int argc, char** argv)
{
  (void)argv;
#ifndef atan2f
  return ((int*)(&atan2f))[argc];
#else
  (void)argc;
  return 0;
#endif
}
Determining if the atanf exist passed with the following output:
Change Dir: /home/runner/work/Bugdom2-Android/Bugdom2-Android/android/app/.cxx/Debug/x2b5b4t2/armeabi-v7a/CMakeFiles/CMakeTmp

Run Build Command(s):/usr/local/lib/android/sdk/cmake/3.22.1/bin/ninja cmTC_59f1c && [1/2] Building C object CMakeFiles/cmTC_59f1c.dir/CheckSymbolExists.c.o
[2/2] Linking C executable cmTC_59f1c


File /home/runner/work/Bugdom2-Android/Bugdom2-Android/android/app/.cxx/Debug/x2b5b4t2/armeabi-v7a/CMakeFiles/CMakeTmp/CheckSymbolExists.c:
/* */
#include <float.h>
#include <iconv.h>
#include <inttypes.h>
#include <limits.h>
#include <malloc.h>
#include <math.h>
#include <memory.h>
#include <signal.h>
#include <stdarg.h>
#include <stdbool.h>
#include <stddef.h>
#include <stdint.h>
#include <stdio.h>
#include <stdlib.h>
#include <string.h>
#include <strings.h>
#include <sys/types.h>
#include <time.h>
#include <wchar.h>

int main(int argc, char** argv)
{
  (void)argv;
#ifndef atanf
  return ((int*)(&atanf))[argc];
#else
  (void)argc;
  return 0;
#endif
}
Determining if the atof exist passed with the following output:
Change Dir: /home/runner/work/Bugdom2-Android/Bugdom2-Android/android/app/.cxx/Debug/x2b5b4t2/armeabi-v7a/CMakeFiles/CMakeTmp

Run Build Command(s):/usr/local/lib/android/sdk/cmake/3.22.1/bin/ninja cmTC_5a5ea && [1/2] Building C object CMakeFiles/cmTC_5a5ea.dir/CheckSymbolExists.c.o
[2/2] Linking C executable cmTC_5a5ea


File /home/runner/work/Bugdom2-Android/Bugdom2-Android/android/app/.cxx/Debug/x2b5b4t2/armeabi-v7a/CMakeFiles/CMakeTmp/CheckSymbolExists.c:
/* */
#include <float.h>
#include <iconv.h>
#include <inttypes.h>
#include <limits.h>
#include <malloc.h>
#include <math.h>
#include <memory.h>
#include <signal.h>
#include <stdarg.h>
#include <stdbool.h>
#include <stddef.h>
#include <stdint.h>
#include <stdio.h>
#include <stdlib.h>
#include <string.h>
#include <strings.h>
#include <sys/types.h>
#include <time.h>
#include <wchar.h>

int main(int argc, char** argv)
{
  (void)argv;
#ifndef atof
  return ((int*)(&atof))[argc];
#else
  (void)argc;
  return 0;
#endif
}
Determining if the atoi exist passed with the following output:
Change Dir: /home/runner/work/Bugdom2-Android/Bugdom2-Android/android/app/.cxx/Debug/x2b5b4t2/armeabi-v7a/CMakeFiles/CMakeTmp

Run Build Command(s):/usr/local/lib/android/sdk/cmake/3.22.1/bin/ninja cmTC_9a19c && [1/2] Building C object CMakeFiles/cmTC_9a19c.dir/CheckSymbolExists.c.o
[2/2] Linking C executable cmTC_9a19c


File /home/runner/work/Bugdom2-Android/Bugdom2-Android/android/app/.cxx/Debug/x2b5b4t2/armeabi-v7a/CMakeFiles/CMakeTmp/CheckSymbolExists.c:
/* */
#include <float.h>
#include <iconv.h>
#include <inttypes.h>
#include <limits.h>
#include <malloc.h>
#include <math.h>
#include <memory.h>
#include <signal.h>
#include <stdarg.h>
#include <stdbool.h>
#include <stddef.h>
#include <stdint.h>
#include <stdio.h>
#include <stdlib.h>
#include <string.h>
#include <strings.h>
#include <sys/types.h>
#include <time.h>
#include <wchar.h>

int main(int argc, char** argv)
{
  (void)argv;
#ifndef atoi
  return ((int*)(&atoi))[argc];
#else
  (void)argc;
  return 0;
#endif
}
Determining if the bcopy exist passed with the following output:
Change Dir: /home/runner/work/Bugdom2-Android/Bugdom2-Android/android/app/.cxx/Debug/x2b5b4t2/armeabi-v7a/CMakeFiles/CMakeTmp

Run Build Command(s):/usr/local/lib/android/sdk/cmake/3.22.1/bin/ninja cmTC_9f385 && [1/2] Building C object CMakeFiles/cmTC_9f385.dir/CheckSymbolExists.c.o
[2/2] Linking C executable cmTC_9f385


File /home/runner/work/Bugdom2-Android/Bugdom2-Android/android/app/.cxx/Debug/x2b5b4t2/armeabi-v7a/CMakeFiles/CMakeTmp/CheckSymbolExists.c:
/* */
#include <float.h>
#include <iconv.h>
#include <inttypes.h>
#include <limits.h>
#include <malloc.h>
#include <math.h>
#include <memory.h>
#include <signal.h>
#include <stdarg.h>
#include <stdbool.h>
#include <stddef.h>
#include <stdint.h>
#include <stdio.h>
#include <stdlib.h>
#include <string.h>
#include <strings.h>
#include <sys/types.h>
#include <time.h>
#include <wchar.h>

int main(int argc, char** argv)
{
  (void)argv;
#ifndef bcopy
  return ((int*)(&bcopy))[argc];
#else
  (void)argc;
  return 0;
#endif
}
Determining if the ceil exist passed with the following output:
Change Dir: /home/runner/work/Bugdom2-Android/Bugdom2-Android/android/app/.cxx/Debug/x2b5b4t2/armeabi-v7a/CMakeFiles/CMakeTmp

Run Build Command(s):/usr/local/lib/android/sdk/cmake/3.22.1/bin/ninja cmTC_c4a29 && [1/2] Building C object CMakeFiles/cmTC_c4a29.dir/CheckSymbolExists.c.o
[2/2] Linking C executable cmTC_c4a29


File /home/runner/work/Bugdom2-Android/Bugdom2-Android/android/app/.cxx/Debug/x2b5b4t2/armeabi-v7a/CMakeFiles/CMakeTmp/CheckSymbolExists.c:
/* */
#include <float.h>
#include <iconv.h>
#include <inttypes.h>
#include <limits.h>
#include <malloc.h>
#include <math.h>
#include <memory.h>
#include <signal.h>
#include <stdarg.h>
#include <stdbool.h>
#include <stddef.h>
#include <stdint.h>
#include <stdio.h>
#include <stdlib.h>
#include <string.h>
#include <strings.h>
#include <sys/types.h>
#include <time.h>
#include <wchar.h>

int main(int argc, char** argv)
{
  (void)argv;
#ifndef ceil
  return ((int*)(&ceil))[argc];
#else
  (void)argc;
  return 0;
#endif
}
Determining if the ceilf exist passed with the following output:
Change Dir: /home/runner/work/Bugdom2-Android/Bugdom2-Android/android/app/.cxx/Debug/x2b5b4t2/armeabi-v7a/CMakeFiles/CMakeTmp

Run Build Command(s):/usr/local/lib/android/sdk/cmake/3.22.1/bin/ninja cmTC_36157 && [1/2] Building C object CMakeFiles/cmTC_36157.dir/CheckSymbolExists.c.o
[2/2] Linking C executable cmTC_36157


File /home/runner/work/Bugdom2-Android/Bugdom2-Android/android/app/.cxx/Debug/x2b5b4t2/armeabi-v7a/CMakeFiles/CMakeTmp/CheckSymbolExists.c:
/* */
#include <float.h>
#include <iconv.h>
#include <inttypes.h>
#include <limits.h>
#include <malloc.h>
#include <math.h>
#include <memory.h>
#include <signal.h>
#include <stdarg.h>
#include <stdbool.h>
#include <stddef.h>
#include <stdint.h>
#include <stdio.h>
#include <stdlib.h>
#include <string.h>
#include <strings.h>
#include <sys/types.h>
#include <time.h>
#include <wchar.h>

int main(int argc, char** argv)
{
  (void)argv;
#ifndef ceilf
  return ((int*)(&ceilf))[argc];
#else
  (void)argc;
  return 0;
#endif
}
Determining if the copysign exist passed with the following output:
Change Dir: /home/runner/work/Bugdom2-Android/Bugdom2-Android/android/app/.cxx/Debug/x2b5b4t2/armeabi-v7a/CMakeFiles/CMakeTmp

Run Build Command(s):/usr/local/lib/android/sdk/cmake/3.22.1/bin/ninja cmTC_bcb35 && [1/2] Building C object CMakeFiles/cmTC_bcb35.dir/CheckSymbolExists.c.o
[2/2] Linking C executable cmTC_bcb35


File /home/runner/work/Bugdom2-Android/Bugdom2-Android/android/app/.cxx/Debug/x2b5b4t2/armeabi-v7a/CMakeFiles/CMakeTmp/CheckSymbolExists.c:
/* */
#include <float.h>
#include <iconv.h>
#include <inttypes.h>
#include <limits.h>
#include <malloc.h>
#include <math.h>
#include <memory.h>
#include <signal.h>
#include <stdarg.h>
#include <stdbool.h>
#include <stddef.h>
#include <stdint.h>
#include <stdio.h>
#include <stdlib.h>
#include <string.h>
#include <strings.h>
#include <sys/types.h>
#include <time.h>
#include <wchar.h>

int main(int argc, char** argv)
{
  (void)argv;
#ifndef copysign
  return ((int*)(&copysign))[argc];
#else
  (void)argc;
  return 0;
#endif
}
Determining if the copysignf exist passed with the following output:
Change Dir: /home/runner/work/Bugdom2-Android/Bugdom2-Android/android/app/.cxx/Debug/x2b5b4t2/armeabi-v7a/CMakeFiles/CMakeTmp

Run Build Command(s):/usr/local/lib/android/sdk/cmake/3.22.1/bin/ninja cmTC_75c1d && [1/2] Building C object CMakeFiles/cmTC_75c1d.dir/CheckSymbolExists.c.o
[2/2] Linking C executable cmTC_75c1d


File /home/runner/work/Bugdom2-Android/Bugdom2-Android/android/app/.cxx/Debug/x2b5b4t2/armeabi-v7a/CMakeFiles/CMakeTmp/CheckSymbolExists.c:
/* */
#include <float.h>
#include <iconv.h>
#include <inttypes.h>
#include <limits.h>
#include <malloc.h>
#include <math.h>
#include <memory.h>
#include <signal.h>
#include <stdarg.h>
#include <stdbool.h>
#include <stddef.h>
#include <stdint.h>
#include <stdio.h>
#include <stdlib.h>
#include <string.h>
#include <strings.h>
#include <sys/types.h>
#include <time.h>
#include <wchar.h>

int main(int argc, char** argv)
{
  (void)argv;
#ifndef copysignf
  return ((int*)(&copysignf))[argc];
#else
  (void)argc;
  return 0;
#endif
}
Determining if the cos exist passed with the following output:
Change Dir: /home/runner/work/Bugdom2-Android/Bugdom2-Android/android/app/.cxx/Debug/x2b5b4t2/armeabi-v7a/CMakeFiles/CMakeTmp

Run Build Command(s):/usr/local/lib/android/sdk/cmake/3.22.1/bin/ninja cmTC_c47ce && [1/2] Building C object CMakeFiles/cmTC_c47ce.dir/CheckSymbolExists.c.o
[2/2] Linking C executable cmTC_c47ce


File /home/runner/work/Bugdom2-Android/Bugdom2-Android/android/app/.cxx/Debug/x2b5b4t2/armeabi-v7a/CMakeFiles/CMakeTmp/CheckSymbolExists.c:
/* */
#include <float.h>
#include <iconv.h>
#include <inttypes.h>
#include <limits.h>
#include <malloc.h>
#include <math.h>
#include <memory.h>
#include <signal.h>
#include <stdarg.h>
#include <stdbool.h>
#include <stddef.h>
#include <stdint.h>
#include <stdio.h>
#include <stdlib.h>
#include <string.h>
#include <strings.h>
#include <sys/types.h>
#include <time.h>
#include <wchar.h>

int main(int argc, char** argv)
{
  (void)argv;
#ifndef cos
  return ((int*)(&cos))[argc];
#else
  (void)argc;
  return 0;
#endif
}
Determining if the cosf exist passed with the following output:
Change Dir: /home/runner/work/Bugdom2-Android/Bugdom2-Android/android/app/.cxx/Debug/x2b5b4t2/armeabi-v7a/CMakeFiles/CMakeTmp

Run Build Command(s):/usr/local/lib/android/sdk/cmake/3.22.1/bin/ninja cmTC_9158c && [1/2] Building C object CMakeFiles/cmTC_9158c.dir/CheckSymbolExists.c.o
[2/2] Linking C executable cmTC_9158c


File /home/runner/work/Bugdom2-Android/Bugdom2-Android/android/app/.cxx/Debug/x2b5b4t2/armeabi-v7a/CMakeFiles/CMakeTmp/CheckSymbolExists.c:
/* */
#include <float.h>
#include <iconv.h>
#include <inttypes.h>
#include <limits.h>
#include <malloc.h>
#include <math.h>
#include <memory.h>
#include <signal.h>
#include <stdarg.h>
#include <stdbool.h>
#include <stddef.h>
#include <stdint.h>
#include <stdio.h>
#include <stdlib.h>
#include <string.h>
#include <strings.h>
#include <sys/types.h>
#include <time.h>
#include <wchar.h>

int main(int argc, char** argv)
{
  (void)argv;
#ifndef cosf
  return ((int*)(&cosf))[argc];
#else
  (void)argc;
  return 0;
#endif
}
Determining if the _Exit exist passed with the following output:
Change Dir: /home/runner/work/Bugdom2-Android/Bugdom2-Android/android/app/.cxx/Debug/x2b5b4t2/armeabi-v7a/CMakeFiles/CMakeTmp

Run Build Command(s):/usr/local/lib/android/sdk/cmake/3.22.1/bin/ninja cmTC_eaedf && [1/2] Building C object CMakeFiles/cmTC_eaedf.dir/CheckSymbolExists.c.o
[2/2] Linking C executable cmTC_eaedf


File /home/runner/work/Bugdom2-Android/Bugdom2-Android/android/app/.cxx/Debug/x2b5b4t2/armeabi-v7a/CMakeFiles/CMakeTmp/CheckSymbolExists.c:
/* */
#include <float.h>
#include <iconv.h>
#include <inttypes.h>
#include <limits.h>
#include <malloc.h>
#include <math.h>
#include <memory.h>
#include <signal.h>
#include <stdarg.h>
#include <stdbool.h>
#include <stddef.h>
#include <stdint.h>
#include <stdio.h>
#include <stdlib.h>
#include <string.h>
#include <strings.h>
#include <sys/types.h>
#include <time.h>
#include <wchar.h>

int main(int argc, char** argv)
{
  (void)argv;
#ifndef _Exit
  return ((int*)(&_Exit))[argc];
#else
  (void)argc;
  return 0;
#endif
}
Determining if the exp exist passed with the following output:
Change Dir: /home/runner/work/Bugdom2-Android/Bugdom2-Android/android/app/.cxx/Debug/x2b5b4t2/armeabi-v7a/CMakeFiles/CMakeTmp

Run Build Command(s):/usr/local/lib/android/sdk/cmake/3.22.1/bin/ninja cmTC_ccf5c && [1/2] Building C object CMakeFiles/cmTC_ccf5c.dir/CheckSymbolExists.c.o
[2/2] Linking C executable cmTC_ccf5c


File /home/runner/work/Bugdom2-Android/Bugdom2-Android/android/app/.cxx/Debug/x2b5b4t2/armeabi-v7a/CMakeFiles/CMakeTmp/CheckSymbolExists.c:
/* */
#include <float.h>
#include <iconv.h>
#include <inttypes.h>
#include <limits.h>
#include <malloc.h>
#include <math.h>
#include <memory.h>
#include <signal.h>
#include <stdarg.h>
#include <stdbool.h>
#include <stddef.h>
#include <stdint.h>
#include <stdio.h>
#include <stdlib.h>
#include <string.h>
#include <strings.h>
#include <sys/types.h>
#include <time.h>
#include <wchar.h>

int main(int argc, char** argv)
{
  (void)argv;
#ifndef exp
  return ((int*)(&exp))[argc];
#else
  (void)argc;
  return 0;
#endif
}
Determining if the expf exist passed with the following output:
Change Dir: /home/runner/work/Bugdom2-Android/Bugdom2-Android/android/app/.cxx/Debug/x2b5b4t2/armeabi-v7a/CMakeFiles/CMakeTmp

Run Build Command(s):/usr/local/lib/android/sdk/cmake/3.22.1/bin/ninja cmTC_558b0 && [1/2] Building C object CMakeFiles/cmTC_558b0.dir/CheckSymbolExists.c.o
[2/2] Linking C executable cmTC_558b0


File /home/runner/work/Bugdom2-Android/Bugdom2-Android/android/app/.cxx/Debug/x2b5b4t2/armeabi-v7a/CMakeFiles/CMakeTmp/CheckSymbolExists.c:
/* */
#include <float.h>
#include <iconv.h>
#include <inttypes.h>
#include <limits.h>
#include <malloc.h>
#include <math.h>
#include <memory.h>
#include <signal.h>
#include <stdarg.h>
#include <stdbool.h>
#include <stddef.h>
#include <stdint.h>
#include <stdio.h>
#include <stdlib.h>
#include <string.h>
#include <strings.h>
#include <sys/types.h>
#include <time.h>
#include <wchar.h>

int main(int argc, char** argv)
{
  (void)argv;
#ifndef expf
  return ((int*)(&expf))[argc];
#else
  (void)argc;
  return 0;
#endif
}
Determining if the fabs exist passed with the following output:
Change Dir: /home/runner/work/Bugdom2-Android/Bugdom2-Android/android/app/.cxx/Debug/x2b5b4t2/armeabi-v7a/CMakeFiles/CMakeTmp

Run Build Command(s):/usr/local/lib/android/sdk/cmake/3.22.1/bin/ninja cmTC_94398 && [1/2] Building C object CMakeFiles/cmTC_94398.dir/CheckSymbolExists.c.o
[2/2] Linking C executable cmTC_94398


File /home/runner/work/Bugdom2-Android/Bugdom2-Android/android/app/.cxx/Debug/x2b5b4t2/armeabi-v7a/CMakeFiles/CMakeTmp/CheckSymbolExists.c:
/* */
#include <float.h>
#include <iconv.h>
#include <inttypes.h>
#include <limits.h>
#include <malloc.h>
#include <math.h>
#include <memory.h>
#include <signal.h>
#include <stdarg.h>
#include <stdbool.h>
#include <stddef.h>
#include <stdint.h>
#include <stdio.h>
#include <stdlib.h>
#include <string.h>
#include <strings.h>
#include <sys/types.h>
#include <time.h>
#include <wchar.h>

int main(int argc, char** argv)
{
  (void)argv;
#ifndef fabs
  return ((int*)(&fabs))[argc];
#else
  (void)argc;
  return 0;
#endif
}
Determining if the fabsf exist passed with the following output:
Change Dir: /home/runner/work/Bugdom2-Android/Bugdom2-Android/android/app/.cxx/Debug/x2b5b4t2/armeabi-v7a/CMakeFiles/CMakeTmp

Run Build Command(s):/usr/local/lib/android/sdk/cmake/3.22.1/bin/ninja cmTC_b6ec9 && [1/2] Building C object CMakeFiles/cmTC_b6ec9.dir/CheckSymbolExists.c.o
[2/2] Linking C executable cmTC_b6ec9


File /home/runner/work/Bugdom2-Android/Bugdom2-Android/android/app/.cxx/Debug/x2b5b4t2/armeabi-v7a/CMakeFiles/CMakeTmp/CheckSymbolExists.c:
/* */
#include <float.h>
#include <iconv.h>
#include <inttypes.h>
#include <limits.h>
#include <malloc.h>
#include <math.h>
#include <memory.h>
#include <signal.h>
#include <stdarg.h>
#include <stdbool.h>
#include <stddef.h>
#include <stdint.h>
#include <stdio.h>
#include <stdlib.h>
#include <string.h>
#include <strings.h>
#include <sys/types.h>
#include <time.h>
#include <wchar.h>

int main(int argc, char** argv)
{
  (void)argv;
#ifndef fabsf
  return ((int*)(&fabsf))[argc];
#else
  (void)argc;
  return 0;
#endif
}
Determining if the floor exist passed with the following output:
Change Dir: /home/runner/work/Bugdom2-Android/Bugdom2-Android/android/app/.cxx/Debug/x2b5b4t2/armeabi-v7a/CMakeFiles/CMakeTmp

Run Build Command(s):/usr/local/lib/android/sdk/cmake/3.22.1/bin/ninja cmTC_39494 && [1/2] Building C object CMakeFiles/cmTC_39494.dir/CheckSymbolExists.c.o
[2/2] Linking C executable cmTC_39494


File /home/runner/work/Bugdom2-Android/Bugdom2-Android/android/app/.cxx/Debug/x2b5b4t2/armeabi-v7a/CMakeFiles/CMakeTmp/CheckSymbolExists.c:
/* */
#include <float.h>
#include <iconv.h>
#include <inttypes.h>
#include <limits.h>
#include <malloc.h>
#include <math.h>
#include <memory.h>
#include <signal.h>
#include <stdarg.h>
#include <stdbool.h>
#include <stddef.h>
#include <stdint.h>
#include <stdio.h>
#include <stdlib.h>
#include <string.h>
#include <strings.h>
#include <sys/types.h>
#include <time.h>
#include <wchar.h>

int main(int argc, char** argv)
{
  (void)argv;
#ifndef floor
  return ((int*)(&floor))[argc];
#else
  (void)argc;
  return 0;
#endif
}
Determining if the floorf exist passed with the following output:
Change Dir: /home/runner/work/Bugdom2-Android/Bugdom2-Android/android/app/.cxx/Debug/x2b5b4t2/armeabi-v7a/CMakeFiles/CMakeTmp

Run Build Command(s):/usr/local/lib/android/sdk/cmake/3.22.1/bin/ninja cmTC_0a46c && [1/2] Building C object CMakeFiles/cmTC_0a46c.dir/CheckSymbolExists.c.o
[2/2] Linking C executable cmTC_0a46c


File /home/runner/work/Bugdom2-Android/Bugdom2-Android/android/app/.cxx/Debug/x2b5b4t2/armeabi-v7a/CMakeFiles/CMakeTmp/CheckSymbolExists.c:
/* */
#include <float.h>
#include <iconv.h>
#include <inttypes.h>
#include <limits.h>
#include <malloc.h>
#include <math.h>
#include <memory.h>
#include <signal.h>
#include <stdarg.h>
#include <stdbool.h>
#include <stddef.h>
#include <stdint.h>
#include <stdio.h>
#include <stdlib.h>
#include <string.h>
#include <strings.h>
#include <sys/types.h>
#include <time.h>
#include <wchar.h>

int main(int argc, char** argv)
{
  (void)argv;
#ifndef floorf
  return ((int*)(&floorf))[argc];
#else
  (void)argc;
  return 0;
#endif
}
Determining if the fmod exist passed with the following output:
Change Dir: /home/runner/work/Bugdom2-Android/Bugdom2-Android/android/app/.cxx/Debug/x2b5b4t2/armeabi-v7a/CMakeFiles/CMakeTmp

Run Build Command(s):/usr/local/lib/android/sdk/cmake/3.22.1/bin/ninja cmTC_f6f92 && [1/2] Building C object CMakeFiles/cmTC_f6f92.dir/CheckSymbolExists.c.o
[2/2] Linking C executable cmTC_f6f92


File /home/runner/work/Bugdom2-Android/Bugdom2-Android/android/app/.cxx/Debug/x2b5b4t2/armeabi-v7a/CMakeFiles/CMakeTmp/CheckSymbolExists.c:
/* */
#include <float.h>
#include <iconv.h>
#include <inttypes.h>
#include <limits.h>
#include <malloc.h>
#include <math.h>
#include <memory.h>
#include <signal.h>
#include <stdarg.h>
#include <stdbool.h>
#include <stddef.h>
#include <stdint.h>
#include <stdio.h>
#include <stdlib.h>
#include <string.h>
#include <strings.h>
#include <sys/types.h>
#include <time.h>
#include <wchar.h>

int main(int argc, char** argv)
{
  (void)argv;
#ifndef fmod
  return ((int*)(&fmod))[argc];
#else
  (void)argc;
  return 0;
#endif
}
Determining if the fmodf exist passed with the following output:
Change Dir: /home/runner/work/Bugdom2-Android/Bugdom2-Android/android/app/.cxx/Debug/x2b5b4t2/armeabi-v7a/CMakeFiles/CMakeTmp

Run Build Command(s):/usr/local/lib/android/sdk/cmake/3.22.1/bin/ninja cmTC_529e3 && [1/2] Building C object CMakeFiles/cmTC_529e3.dir/CheckSymbolExists.c.o
[2/2] Linking C executable cmTC_529e3


File /home/runner/work/Bugdom2-Android/Bugdom2-Android/android/app/.cxx/Debug/x2b5b4t2/armeabi-v7a/CMakeFiles/CMakeTmp/CheckSymbolExists.c:
/* */
#include <float.h>
#include <iconv.h>
#include <inttypes.h>
#include <limits.h>
#include <malloc.h>
#include <math.h>
#include <memory.h>
#include <signal.h>
#include <stdarg.h>
#include <stdbool.h>
#include <stddef.h>
#include <stdint.h>
#include <stdio.h>
#include <stdlib.h>
#include <string.h>
#include <strings.h>
#include <sys/types.h>
#include <time.h>
#include <wchar.h>

int main(int argc, char** argv)
{
  (void)argv;
#ifndef fmodf
  return ((int*)(&fmodf))[argc];
#else
  (void)argc;
  return 0;
#endif
}
Determining if the fopen64 exist passed with the following output:
Change Dir: /home/runner/work/Bugdom2-Android/Bugdom2-Android/android/app/.cxx/Debug/x2b5b4t2/armeabi-v7a/CMakeFiles/CMakeTmp

Run Build Command(s):/usr/local/lib/android/sdk/cmake/3.22.1/bin/ninja cmTC_54c50 && [1/2] Building C object CMakeFiles/cmTC_54c50.dir/CheckSymbolExists.c.o
[2/2] Linking C executable cmTC_54c50


File /home/runner/work/Bugdom2-Android/Bugdom2-Android/android/app/.cxx/Debug/x2b5b4t2/armeabi-v7a/CMakeFiles/CMakeTmp/CheckSymbolExists.c:
/* */
#include <float.h>
#include <iconv.h>
#include <inttypes.h>
#include <limits.h>
#include <malloc.h>
#include <math.h>
#include <memory.h>
#include <signal.h>
#include <stdarg.h>
#include <stdbool.h>
#include <stddef.h>
#include <stdint.h>
#include <stdio.h>
#include <stdlib.h>
#include <string.h>
#include <strings.h>
#include <sys/types.h>
#include <time.h>
#include <wchar.h>

int main(int argc, char** argv)
{
  (void)argv;
#ifndef fopen64
  return ((int*)(&fopen64))[argc];
#else
  (void)argc;
  return 0;
#endif
}
Determining if the fseeko exist passed with the following output:
Change Dir: /home/runner/work/Bugdom2-Android/Bugdom2-Android/android/app/.cxx/Debug/x2b5b4t2/armeabi-v7a/CMakeFiles/CMakeTmp

Run Build Command(s):/usr/local/lib/android/sdk/cmake/3.22.1/bin/ninja cmTC_ace47 && [1/2] Building C object CMakeFiles/cmTC_ace47.dir/CheckSymbolExists.c.o
[2/2] Linking C executable cmTC_ace47


File /home/runner/work/Bugdom2-Android/Bugdom2-Android/android/app/.cxx/Debug/x2b5b4t2/armeabi-v7a/CMakeFiles/CMakeTmp/CheckSymbolExists.c:
/* */
#include <float.h>
#include <iconv.h>
#include <inttypes.h>
#include <limits.h>
#include <malloc.h>
#include <math.h>
#include <memory.h>
#include <signal.h>
#include <stdarg.h>
#include <stdbool.h>
#include <stddef.h>
#include <stdint.h>
#include <stdio.h>
#include <stdlib.h>
#include <string.h>
#include <strings.h>
#include <sys/types.h>
#include <time.h>
#include <wchar.h>

int main(int argc, char** argv)
{
  (void)argv;
#ifndef fseeko
  return ((int*)(&fseeko))[argc];
#else
  (void)argc;
  return 0;
#endif
}
Determining if the fseeko64 exist passed with the following output:
Change Dir: /home/runner/work/Bugdom2-Android/Bugdom2-Android/android/app/.cxx/Debug/x2b5b4t2/armeabi-v7a/CMakeFiles/CMakeTmp

Run Build Command(s):/usr/local/lib/android/sdk/cmake/3.22.1/bin/ninja cmTC_e3620 && [1/2] Building C object CMakeFiles/cmTC_e3620.dir/CheckSymbolExists.c.o
[2/2] Linking C executable cmTC_e3620


File /home/runner/work/Bugdom2-Android/Bugdom2-Android/android/app/.cxx/Debug/x2b5b4t2/armeabi-v7a/CMakeFiles/CMakeTmp/CheckSymbolExists.c:
/* */
#include <float.h>
#include <iconv.h>
#include <inttypes.h>
#include <limits.h>
#include <malloc.h>
#include <math.h>
#include <memory.h>
#include <signal.h>
#include <stdarg.h>
#include <stdbool.h>
#include <stddef.h>
#include <stdint.h>
#include <stdio.h>
#include <stdlib.h>
#include <string.h>
#include <strings.h>
#include <sys/types.h>
#include <time.h>
#include <wchar.h>

int main(int argc, char** argv)
{
  (void)argv;
#ifndef fseeko64
  return ((int*)(&fseeko64))[argc];
#else
  (void)argc;
  return 0;
#endif
}
Determining if the getenv exist passed with the following output:
Change Dir: /home/runner/work/Bugdom2-Android/Bugdom2-Android/android/app/.cxx/Debug/x2b5b4t2/armeabi-v7a/CMakeFiles/CMakeTmp

Run Build Command(s):/usr/local/lib/android/sdk/cmake/3.22.1/bin/ninja cmTC_df231 && [1/2] Building C object CMakeFiles/cmTC_df231.dir/CheckSymbolExists.c.o
[2/2] Linking C executable cmTC_df231


File /home/runner/work/Bugdom2-Android/Bugdom2-Android/android/app/.cxx/Debug/x2b5b4t2/armeabi-v7a/CMakeFiles/CMakeTmp/CheckSymbolExists.c:
/* */
#include <float.h>
#include <iconv.h>
#include <inttypes.h>
#include <limits.h>
#include <malloc.h>
#include <math.h>
#include <memory.h>
#include <signal.h>
#include <stdarg.h>
#include <stdbool.h>
#include <stddef.h>
#include <stdint.h>
#include <stdio.h>
#include <stdlib.h>
#include <string.h>
#include <strings.h>
#include <sys/types.h>
#include <time.h>
#include <wchar.h>

int main(int argc, char** argv)
{
  (void)argv;
#ifndef getenv
  return ((int*)(&getenv))[argc];
#else
  (void)argc;
  return 0;
#endif
}
Determining if the log exist passed with the following output:
Change Dir: /home/runner/work/Bugdom2-Android/Bugdom2-Android/android/app/.cxx/Debug/x2b5b4t2/armeabi-v7a/CMakeFiles/CMakeTmp

Run Build Command(s):/usr/local/lib/android/sdk/cmake/3.22.1/bin/ninja cmTC_c0103 && [1/2] Building C object CMakeFiles/cmTC_c0103.dir/CheckSymbolExists.c.o
[2/2] Linking C executable cmTC_c0103


File /home/runner/work/Bugdom2-Android/Bugdom2-Android/android/app/.cxx/Debug/x2b5b4t2/armeabi-v7a/CMakeFiles/CMakeTmp/CheckSymbolExists.c:
/* */
#include <float.h>
#include <iconv.h>
#include <inttypes.h>
#include <limits.h>
#include <malloc.h>
#include <math.h>
#include <memory.h>
#include <signal.h>
#include <stdarg.h>
#include <stdbool.h>
#include <stddef.h>
#include <stdint.h>
#include <stdio.h>
#include <stdlib.h>
#include <string.h>
#include <strings.h>
#include <sys/types.h>
#include <time.h>
#include <wchar.h>

int main(int argc, char** argv)
{
  (void)argv;
#ifndef log
  return ((int*)(&log))[argc];
#else
  (void)argc;
  return 0;
#endif
}
Determining if the log10 exist passed with the following output:
Change Dir: /home/runner/work/Bugdom2-Android/Bugdom2-Android/android/app/.cxx/Debug/x2b5b4t2/armeabi-v7a/CMakeFiles/CMakeTmp

Run Build Command(s):/usr/local/lib/android/sdk/cmake/3.22.1/bin/ninja cmTC_f9a4b && [1/2] Building C object CMakeFiles/cmTC_f9a4b.dir/CheckSymbolExists.c.o
[2/2] Linking C executable cmTC_f9a4b


File /home/runner/work/Bugdom2-Android/Bugdom2-Android/android/app/.cxx/Debug/x2b5b4t2/armeabi-v7a/CMakeFiles/CMakeTmp/CheckSymbolExists.c:
/* */
#include <float.h>
#include <iconv.h>
#include <inttypes.h>
#include <limits.h>
#include <malloc.h>
#include <math.h>
#include <memory.h>
#include <signal.h>
#include <stdarg.h>
#include <stdbool.h>
#include <stddef.h>
#include <stdint.h>
#include <stdio.h>
#include <stdlib.h>
#include <string.h>
#include <strings.h>
#include <sys/types.h>
#include <time.h>
#include <wchar.h>

int main(int argc, char** argv)
{
  (void)argv;
#ifndef log10
  return ((int*)(&log10))[argc];
#else
  (void)argc;
  return 0;
#endif
}
Determining if the log10f exist passed with the following output:
Change Dir: /home/runner/work/Bugdom2-Android/Bugdom2-Android/android/app/.cxx/Debug/x2b5b4t2/armeabi-v7a/CMakeFiles/CMakeTmp

Run Build Command(s):/usr/local/lib/android/sdk/cmake/3.22.1/bin/ninja cmTC_a31dc && [1/2] Building C object CMakeFiles/cmTC_a31dc.dir/CheckSymbolExists.c.o
[2/2] Linking C executable cmTC_a31dc


File /home/runner/work/Bugdom2-Android/Bugdom2-Android/android/app/.cxx/Debug/x2b5b4t2/armeabi-v7a/CMakeFiles/CMakeTmp/CheckSymbolExists.c:
/* */
#include <float.h>
#include <iconv.h>
#include <inttypes.h>
#include <limits.h>
#include <malloc.h>
#include <math.h>
#include <memory.h>
#include <signal.h>
#include <stdarg.h>
#include <stdbool.h>
#include <stddef.h>
#include <stdint.h>
#include <stdio.h>
#include <stdlib.h>
#include <string.h>
#include <strings.h>
#include <sys/types.h>
#include <time.h>
#include <wchar.h>

int main(int argc, char** argv)
{
  (void)argv;
#ifndef log10f
  return ((int*)(&log10f))[argc];
#else
  (void)argc;
  return 0;
#endif
}
Determining if the logf exist passed with the following output:
Change Dir: /home/runner/work/Bugdom2-Android/Bugdom2-Android/android/app/.cxx/Debug/x2b5b4t2/armeabi-v7a/CMakeFiles/CMakeTmp

Run Build Command(s):/usr/local/lib/android/sdk/cmake/3.22.1/bin/ninja cmTC_80eca && [1/2] Building C object CMakeFiles/cmTC_80eca.dir/CheckSymbolExists.c.o
[2/2] Linking C executable cmTC_80eca


File /home/runner/work/Bugdom2-Android/Bugdom2-Android/android/app/.cxx/Debug/x2b5b4t2/armeabi-v7a/CMakeFiles/CMakeTmp/CheckSymbolExists.c:
/* */
#include <float.h>
#include <iconv.h>
#include <inttypes.h>
#include <limits.h>
#include <malloc.h>
#include <math.h>
#include <memory.h>
#include <signal.h>
#include <stdarg.h>
#include <stdbool.h>
#include <stddef.h>
#include <stdint.h>
#include <stdio.h>
#include <stdlib.h>
#include <string.h>
#include <strings.h>
#include <sys/types.h>
#include <time.h>
#include <wchar.h>

int main(int argc, char** argv)
{
  (void)argv;
#ifndef logf
  return ((int*)(&logf))[argc];
#else
  (void)argc;
  return 0;
#endif
}
Determining if the lround exist passed with the following output:
Change Dir: /home/runner/work/Bugdom2-Android/Bugdom2-Android/android/app/.cxx/Debug/x2b5b4t2/armeabi-v7a/CMakeFiles/CMakeTmp

Run Build Command(s):/usr/local/lib/android/sdk/cmake/3.22.1/bin/ninja cmTC_93c7b && [1/2] Building C object CMakeFiles/cmTC_93c7b.dir/CheckSymbolExists.c.o
[2/2] Linking C executable cmTC_93c7b


File /home/runner/work/Bugdom2-Android/Bugdom2-Android/android/app/.cxx/Debug/x2b5b4t2/armeabi-v7a/CMakeFiles/CMakeTmp/CheckSymbolExists.c:
/* */
#include <float.h>
#include <iconv.h>
#include <inttypes.h>
#include <limits.h>
#include <malloc.h>
#include <math.h>
#include <memory.h>
#include <signal.h>
#include <stdarg.h>
#include <stdbool.h>
#include <stddef.h>
#include <stdint.h>
#include <stdio.h>
#include <stdlib.h>
#include <string.h>
#include <strings.h>
#include <sys/types.h>
#include <time.h>
#include <wchar.h>

int main(int argc, char** argv)
{
  (void)argv;
#ifndef lround
  return ((int*)(&lround))[argc];
#else
  (void)argc;
  return 0;
#endif
}
Determining if the lroundf exist passed with the following output:
Change Dir: /home/runner/work/Bugdom2-Android/Bugdom2-Android/android/app/.cxx/Debug/x2b5b4t2/armeabi-v7a/CMakeFiles/CMakeTmp

Run Build Command(s):/usr/local/lib/android/sdk/cmake/3.22.1/bin/ninja cmTC_4ec07 && [1/2] Building C object CMakeFiles/cmTC_4ec07.dir/CheckSymbolExists.c.o
[2/2] Linking C executable cmTC_4ec07


File /home/runner/work/Bugdom2-Android/Bugdom2-Android/android/app/.cxx/Debug/x2b5b4t2/armeabi-v7a/CMakeFiles/CMakeTmp/CheckSymbolExists.c:
/* */
#include <float.h>
#include <iconv.h>
#include <inttypes.h>
#include <limits.h>
#include <malloc.h>
#include <math.h>
#include <memory.h>
#include <signal.h>
#include <stdarg.h>
#include <stdbool.h>
#include <stddef.h>
#include <stdint.h>
#include <stdio.h>
#include <stdlib.h>
#include <string.h>
#include <strings.h>
#include <sys/types.h>
#include <time.h>
#include <wchar.h>

int main(int argc, char** argv)
{
  (void)argv;
#ifndef lroundf
  return ((int*)(&lroundf))[argc];
#else
  (void)argc;
  return 0;
#endif
}
Determining if the malloc exist passed with the following output:
Change Dir: /home/runner/work/Bugdom2-Android/Bugdom2-Android/android/app/.cxx/Debug/x2b5b4t2/armeabi-v7a/CMakeFiles/CMakeTmp

Run Build Command(s):/usr/local/lib/android/sdk/cmake/3.22.1/bin/ninja cmTC_8af79 && [1/2] Building C object CMakeFiles/cmTC_8af79.dir/CheckSymbolExists.c.o
[2/2] Linking C executable cmTC_8af79


File /home/runner/work/Bugdom2-Android/Bugdom2-Android/android/app/.cxx/Debug/x2b5b4t2/armeabi-v7a/CMakeFiles/CMakeTmp/CheckSymbolExists.c:
/* */
#include <float.h>
#include <iconv.h>
#include <inttypes.h>
#include <limits.h>
#include <malloc.h>
#include <math.h>
#include <memory.h>
#include <signal.h>
#include <stdarg.h>
#include <stdbool.h>
#include <stddef.h>
#include <stdint.h>
#include <stdio.h>
#include <stdlib.h>
#include <string.h>
#include <strings.h>
#include <sys/types.h>
#include <time.h>
#include <wchar.h>

int main(int argc, char** argv)
{
  (void)argv;
#ifndef malloc
  return ((int*)(&malloc))[argc];
#else
  (void)argc;
  return 0;
#endif
}
Determining if the memcmp exist passed with the following output:
Change Dir: /home/runner/work/Bugdom2-Android/Bugdom2-Android/android/app/.cxx/Debug/x2b5b4t2/armeabi-v7a/CMakeFiles/CMakeTmp

Run Build Command(s):/usr/local/lib/android/sdk/cmake/3.22.1/bin/ninja cmTC_d1a0d && [1/2] Building C object CMakeFiles/cmTC_d1a0d.dir/CheckSymbolExists.c.o
[2/2] Linking C executable cmTC_d1a0d


File /home/runner/work/Bugdom2-Android/Bugdom2-Android/android/app/.cxx/Debug/x2b5b4t2/armeabi-v7a/CMakeFiles/CMakeTmp/CheckSymbolExists.c:
/* */
#include <float.h>
#include <iconv.h>
#include <inttypes.h>
#include <limits.h>
#include <malloc.h>
#include <math.h>
#include <memory.h>
#include <signal.h>
#include <stdarg.h>
#include <stdbool.h>
#include <stddef.h>
#include <stdint.h>
#include <stdio.h>
#include <stdlib.h>
#include <string.h>
#include <strings.h>
#include <sys/types.h>
#include <time.h>
#include <wchar.h>

int main(int argc, char** argv)
{
  (void)argv;
#ifndef memcmp
  return ((int*)(&memcmp))[argc];
#else
  (void)argc;
  return 0;
#endif
}
Determining if the memcpy exist passed with the following output:
Change Dir: /home/runner/work/Bugdom2-Android/Bugdom2-Android/android/app/.cxx/Debug/x2b5b4t2/armeabi-v7a/CMakeFiles/CMakeTmp

Run Build Command(s):/usr/local/lib/android/sdk/cmake/3.22.1/bin/ninja cmTC_5204d && [1/2] Building C object CMakeFiles/cmTC_5204d.dir/CheckSymbolExists.c.o
[2/2] Linking C executable cmTC_5204d


File /home/runner/work/Bugdom2-Android/Bugdom2-Android/android/app/.cxx/Debug/x2b5b4t2/armeabi-v7a/CMakeFiles/CMakeTmp/CheckSymbolExists.c:
/* */
#include <float.h>
#include <iconv.h>
#include <inttypes.h>
#include <limits.h>
#include <malloc.h>
#include <math.h>
#include <memory.h>
#include <signal.h>
#include <stdarg.h>
#include <stdbool.h>
#include <stddef.h>
#include <stdint.h>
#include <stdio.h>
#include <stdlib.h>
#include <string.h>
#include <strings.h>
#include <sys/types.h>
#include <time.h>
#include <wchar.h>

int main(int argc, char** argv)
{
  (void)argv;
#ifndef memcpy
  return ((int*)(&memcpy))[argc];
#else
  (void)argc;
  return 0;
#endif
}
Determining if the memmove exist passed with the following output:
Change Dir: /home/runner/work/Bugdom2-Android/Bugdom2-Android/android/app/.cxx/Debug/x2b5b4t2/armeabi-v7a/CMakeFiles/CMakeTmp

Run Build Command(s):/usr/local/lib/android/sdk/cmake/3.22.1/bin/ninja cmTC_82248 && [1/2] Building C object CMakeFiles/cmTC_82248.dir/CheckSymbolExists.c.o
[2/2] Linking C executable cmTC_82248


File /home/runner/work/Bugdom2-Android/Bugdom2-Android/android/app/.cxx/Debug/x2b5b4t2/armeabi-v7a/CMakeFiles/CMakeTmp/CheckSymbolExists.c:
/* */
#include <float.h>
#include <iconv.h>
#include <inttypes.h>
#include <limits.h>
#include <malloc.h>
#include <math.h>
#include <memory.h>
#include <signal.h>
#include <stdarg.h>
#include <stdbool.h>
#include <stddef.h>
#include <stdint.h>
#include <stdio.h>
#include <stdlib.h>
#include <string.h>
#include <strings.h>
#include <sys/types.h>
#include <time.h>
#include <wchar.h>

int main(int argc, char** argv)
{
  (void)argv;
#ifndef memmove
  return ((int*)(&memmove))[argc];
#else
  (void)argc;
  return 0;
#endif
}
Determining if the memset exist passed with the following output:
Change Dir: /home/runner/work/Bugdom2-Android/Bugdom2-Android/android/app/.cxx/Debug/x2b5b4t2/armeabi-v7a/CMakeFiles/CMakeTmp

Run Build Command(s):/usr/local/lib/android/sdk/cmake/3.22.1/bin/ninja cmTC_3f676 && [1/2] Building C object CMakeFiles/cmTC_3f676.dir/CheckSymbolExists.c.o
[2/2] Linking C executable cmTC_3f676


File /home/runner/work/Bugdom2-Android/Bugdom2-Android/android/app/.cxx/Debug/x2b5b4t2/armeabi-v7a/CMakeFiles/CMakeTmp/CheckSymbolExists.c:
/* */
#include <float.h>
#include <iconv.h>
#include <inttypes.h>
#include <limits.h>
#include <malloc.h>
#include <math.h>
#include <memory.h>
#include <signal.h>
#include <stdarg.h>
#include <stdbool.h>
#include <stddef.h>
#include <stdint.h>
#include <stdio.h>
#include <stdlib.h>
#include <string.h>
#include <strings.h>
#include <sys/types.h>
#include <time.h>
#include <wchar.h>

int main(int argc, char** argv)
{
  (void)argv;
#ifndef memset
  return ((int*)(&memset))[argc];
#else
  (void)argc;
  return 0;
#endif
}
Determining if the modf exist passed with the following output:
Change Dir: /home/runner/work/Bugdom2-Android/Bugdom2-Android/android/app/.cxx/Debug/x2b5b4t2/armeabi-v7a/CMakeFiles/CMakeTmp

Run Build Command(s):/usr/local/lib/android/sdk/cmake/3.22.1/bin/ninja cmTC_caedc && [1/2] Building C object CMakeFiles/cmTC_caedc.dir/CheckSymbolExists.c.o
[2/2] Linking C executable cmTC_caedc


File /home/runner/work/Bugdom2-Android/Bugdom2-Android/android/app/.cxx/Debug/x2b5b4t2/armeabi-v7a/CMakeFiles/CMakeTmp/CheckSymbolExists.c:
/* */
#include <float.h>
#include <iconv.h>
#include <inttypes.h>
#include <limits.h>
#include <malloc.h>
#include <math.h>
#include <memory.h>
#include <signal.h>
#include <stdarg.h>
#include <stdbool.h>
#include <stddef.h>
#include <stdint.h>
#include <stdio.h>
#include <stdlib.h>
#include <string.h>
#include <strings.h>
#include <sys/types.h>
#include <time.h>
#include <wchar.h>

int main(int argc, char** argv)
{
  (void)argv;
#ifndef modf
  return ((int*)(&modf))[argc];
#else
  (void)argc;
  return 0;
#endif
}
Determining if the modff exist passed with the following output:
Change Dir: /home/runner/work/Bugdom2-Android/Bugdom2-Android/android/app/.cxx/Debug/x2b5b4t2/armeabi-v7a/CMakeFiles/CMakeTmp

Run Build Command(s):/usr/local/lib/android/sdk/cmake/3.22.1/bin/ninja cmTC_1891c && [1/2] Building C object CMakeFiles/cmTC_1891c.dir/CheckSymbolExists.c.o
[2/2] Linking C executable cmTC_1891c


File /home/runner/work/Bugdom2-Android/Bugdom2-Android/android/app/.cxx/Debug/x2b5b4t2/armeabi-v7a/CMakeFiles/CMakeTmp/CheckSymbolExists.c:
/* */
#include <float.h>
#include <iconv.h>
#include <inttypes.h>
#include <limits.h>
#include <malloc.h>
#include <math.h>
#include <memory.h>
#include <signal.h>
#include <stdarg.h>
#include <stdbool.h>
#include <stddef.h>
#include <stdint.h>
#include <stdio.h>
#include <stdlib.h>
#include <string.h>
#include <strings.h>
#include <sys/types.h>
#include <time.h>
#include <wchar.h>

int main(int argc, char** argv)
{
  (void)argv;
#ifndef modff
  return ((int*)(&modff))[argc];
#else
  (void)argc;
  return 0;
#endif
}
Determining if the pow exist passed with the following output:
Change Dir: /home/runner/work/Bugdom2-Android/Bugdom2-Android/android/app/.cxx/Debug/x2b5b4t2/armeabi-v7a/CMakeFiles/CMakeTmp

Run Build Command(s):/usr/local/lib/android/sdk/cmake/3.22.1/bin/ninja cmTC_4dd95 && [1/2] Building C object CMakeFiles/cmTC_4dd95.dir/CheckSymbolExists.c.o
[2/2] Linking C executable cmTC_4dd95


File /home/runner/work/Bugdom2-Android/Bugdom2-Android/android/app/.cxx/Debug/x2b5b4t2/armeabi-v7a/CMakeFiles/CMakeTmp/CheckSymbolExists.c:
/* */
#include <float.h>
#include <iconv.h>
#include <inttypes.h>
#include <limits.h>
#include <malloc.h>
#include <math.h>
#include <memory.h>
#include <signal.h>
#include <stdarg.h>
#include <stdbool.h>
#include <stddef.h>
#include <stdint.h>
#include <stdio.h>
#include <stdlib.h>
#include <string.h>
#include <strings.h>
#include <sys/types.h>
#include <time.h>
#include <wchar.h>

int main(int argc, char** argv)
{
  (void)argv;
#ifndef pow
  return ((int*)(&pow))[argc];
#else
  (void)argc;
  return 0;
#endif
}
Determining if the powf exist passed with the following output:
Change Dir: /home/runner/work/Bugdom2-Android/Bugdom2-Android/android/app/.cxx/Debug/x2b5b4t2/armeabi-v7a/CMakeFiles/CMakeTmp

Run Build Command(s):/usr/local/lib/android/sdk/cmake/3.22.1/bin/ninja cmTC_e4520 && [1/2] Building C object CMakeFiles/cmTC_e4520.dir/CheckSymbolExists.c.o
[2/2] Linking C executable cmTC_e4520


File /home/runner/work/Bugdom2-Android/Bugdom2-Android/android/app/.cxx/Debug/x2b5b4t2/armeabi-v7a/CMakeFiles/CMakeTmp/CheckSymbolExists.c:
/* */
#include <float.h>
#include <iconv.h>
#include <inttypes.h>
#include <limits.h>
#include <malloc.h>
#include <math.h>
#include <memory.h>
#include <signal.h>
#include <stdarg.h>
#include <stdbool.h>
#include <stddef.h>
#include <stdint.h>
#include <stdio.h>
#include <stdlib.h>
#include <string.h>
#include <strings.h>
#include <sys/types.h>
#include <time.h>
#include <wchar.h>

int main(int argc, char** argv)
{
  (void)argv;
#ifndef powf
  return ((int*)(&powf))[argc];
#else
  (void)argc;
  return 0;
#endif
}
Determining if the putenv exist passed with the following output:
Change Dir: /home/runner/work/Bugdom2-Android/Bugdom2-Android/android/app/.cxx/Debug/x2b5b4t2/armeabi-v7a/CMakeFiles/CMakeTmp

Run Build Command(s):/usr/local/lib/android/sdk/cmake/3.22.1/bin/ninja cmTC_c7fa4 && [1/2] Building C object CMakeFiles/cmTC_c7fa4.dir/CheckSymbolExists.c.o
[2/2] Linking C executable cmTC_c7fa4


File /home/runner/work/Bugdom2-Android/Bugdom2-Android/android/app/.cxx/Debug/x2b5b4t2/armeabi-v7a/CMakeFiles/CMakeTmp/CheckSymbolExists.c:
/* */
#include <float.h>
#include <iconv.h>
#include <inttypes.h>
#include <limits.h>
#include <malloc.h>
#include <math.h>
#include <memory.h>
#include <signal.h>
#include <stdarg.h>
#include <stdbool.h>
#include <stddef.h>
#include <stdint.h>
#include <stdio.h>
#include <stdlib.h>
#include <string.h>
#include <strings.h>
#include <sys/types.h>
#include <time.h>
#include <wchar.h>

int main(int argc, char** argv)
{
  (void)argv;
#ifndef putenv
  return ((int*)(&putenv))[argc];
#else
  (void)argc;
  return 0;
#endif
}
Determining if the round exist passed with the following output:
Change Dir: /home/runner/work/Bugdom2-Android/Bugdom2-Android/android/app/.cxx/Debug/x2b5b4t2/armeabi-v7a/CMakeFiles/CMakeTmp

Run Build Command(s):/usr/local/lib/android/sdk/cmake/3.22.1/bin/ninja cmTC_fb0a4 && [1/2] Building C object CMakeFiles/cmTC_fb0a4.dir/CheckSymbolExists.c.o
[2/2] Linking C executable cmTC_fb0a4


File /home/runner/work/Bugdom2-Android/Bugdom2-Android/android/app/.cxx/Debug/x2b5b4t2/armeabi-v7a/CMakeFiles/CMakeTmp/CheckSymbolExists.c:
/* */
#include <float.h>
#include <iconv.h>
#include <inttypes.h>
#include <limits.h>
#include <malloc.h>
#include <math.h>
#include <memory.h>
#include <signal.h>
#include <stdarg.h>
#include <stdbool.h>
#include <stddef.h>
#include <stdint.h>
#include <stdio.h>
#include <stdlib.h>
#include <string.h>
#include <strings.h>
#include <sys/types.h>
#include <time.h>
#include <wchar.h>

int main(int argc, char** argv)
{
  (void)argv;
#ifndef round
  return ((int*)(&round))[argc];
#else
  (void)argc;
  return 0;
#endif
}
Determining if the roundf exist passed with the following output:
Change Dir: /home/runner/work/Bugdom2-Android/Bugdom2-Android/android/app/.cxx/Debug/x2b5b4t2/armeabi-v7a/CMakeFiles/CMakeTmp

Run Build Command(s):/usr/local/lib/android/sdk/cmake/3.22.1/bin/ninja cmTC_4f5d9 && [1/2] Building C object CMakeFiles/cmTC_4f5d9.dir/CheckSymbolExists.c.o
[2/2] Linking C executable cmTC_4f5d9


File /home/runner/work/Bugdom2-Android/Bugdom2-Android/android/app/.cxx/Debug/x2b5b4t2/armeabi-v7a/CMakeFiles/CMakeTmp/CheckSymbolExists.c:
/* */
#include <float.h>
#include <iconv.h>
#include <inttypes.h>
#include <limits.h>
#include <malloc.h>
#include <math.h>
#include <memory.h>
#include <signal.h>
#include <stdarg.h>
#include <stdbool.h>
#include <stddef.h>
#include <stdint.h>
#include <stdio.h>
#include <stdlib.h>
#include <string.h>
#include <strings.h>
#include <sys/types.h>
#include <time.h>
#include <wchar.h>

int main(int argc, char** argv)
{
  (void)argv;
#ifndef roundf
  return ((int*)(&roundf))[argc];
#else
  (void)argc;
  return 0;
#endif
}
Determining if the scalbn exist passed with the following output:
Change Dir: /home/runner/work/Bugdom2-Android/Bugdom2-Android/android/app/.cxx/Debug/x2b5b4t2/armeabi-v7a/CMakeFiles/CMakeTmp

Run Build Command(s):/usr/local/lib/android/sdk/cmake/3.22.1/bin/ninja cmTC_552ed && [1/2] Building C object CMakeFiles/cmTC_552ed.dir/CheckSymbolExists.c.o
[2/2] Linking C executable cmTC_552ed


File /home/runner/work/Bugdom2-Android/Bugdom2-Android/android/app/.cxx/Debug/x2b5b4t2/armeabi-v7a/CMakeFiles/CMakeTmp/CheckSymbolExists.c:
/* */
#include <float.h>
#include <iconv.h>
#include <inttypes.h>
#include <limits.h>
#include <malloc.h>
#include <math.h>
#include <memory.h>
#include <signal.h>
#include <stdarg.h>
#include <stdbool.h>
#include <stddef.h>
#include <stdint.h>
#include <stdio.h>
#include <stdlib.h>
#include <string.h>
#include <strings.h>
#include <sys/types.h>
#include <time.h>
#include <wchar.h>

int main(int argc, char** argv)
{
  (void)argv;
#ifndef scalbn
  return ((int*)(&scalbn))[argc];
#else
  (void)argc;
  return 0;
#endif
}
Determining if the scalbnf exist passed with the following output:
Change Dir: /home/runner/work/Bugdom2-Android/Bugdom2-Android/android/app/.cxx/Debug/x2b5b4t2/armeabi-v7a/CMakeFiles/CMakeTmp

Run Build Command(s):/usr/local/lib/android/sdk/cmake/3.22.1/bin/ninja cmTC_b7b69 && [1/2] Building C object CMakeFiles/cmTC_b7b69.dir/CheckSymbolExists.c.o
[2/2] Linking C executable cmTC_b7b69


File /home/runner/work/Bugdom2-Android/Bugdom2-Android/android/app/.cxx/Debug/x2b5b4t2/armeabi-v7a/CMakeFiles/CMakeTmp/CheckSymbolExists.c:
/* */
#include <float.h>
#include <iconv.h>
#include <inttypes.h>
#include <limits.h>
#include <malloc.h>
#include <math.h>
#include <memory.h>
#include <signal.h>
#include <stdarg.h>
#include <stdbool.h>
#include <stddef.h>
#include <stdint.h>
#include <stdio.h>
#include <stdlib.h>
#include <string.h>
#include <strings.h>
#include <sys/types.h>
#include <time.h>
#include <wchar.h>

int main(int argc, char** argv)
{
  (void)argv;
#ifndef scalbnf
  return ((int*)(&scalbnf))[argc];
#else
  (void)argc;
  return 0;
#endif
}
Determining if the setenv exist passed with the following output:
Change Dir: /home/runner/work/Bugdom2-Android/Bugdom2-Android/android/app/.cxx/Debug/x2b5b4t2/armeabi-v7a/CMakeFiles/CMakeTmp

Run Build Command(s):/usr/local/lib/android/sdk/cmake/3.22.1/bin/ninja cmTC_53db1 && [1/2] Building C object CMakeFiles/cmTC_53db1.dir/CheckSymbolExists.c.o
[2/2] Linking C executable cmTC_53db1


File /home/runner/work/Bugdom2-Android/Bugdom2-Android/android/app/.cxx/Debug/x2b5b4t2/armeabi-v7a/CMakeFiles/CMakeTmp/CheckSymbolExists.c:
/* */
#include <float.h>
#include <iconv.h>
#include <inttypes.h>
#include <limits.h>
#include <malloc.h>
#include <math.h>
#include <memory.h>
#include <signal.h>
#include <stdarg.h>
#include <stdbool.h>
#include <stddef.h>
#include <stdint.h>
#include <stdio.h>
#include <stdlib.h>
#include <string.h>
#include <strings.h>
#include <sys/types.h>
#include <time.h>
#include <wchar.h>

int main(int argc, char** argv)
{
  (void)argv;
#ifndef setenv
  return ((int*)(&setenv))[argc];
#else
  (void)argc;
  return 0;
#endif
}
Determining if the sin exist passed with the following output:
Change Dir: /home/runner/work/Bugdom2-Android/Bugdom2-Android/android/app/.cxx/Debug/x2b5b4t2/armeabi-v7a/CMakeFiles/CMakeTmp

Run Build Command(s):/usr/local/lib/android/sdk/cmake/3.22.1/bin/ninja cmTC_10bc9 && [1/2] Building C object CMakeFiles/cmTC_10bc9.dir/CheckSymbolExists.c.o
[2/2] Linking C executable cmTC_10bc9


File /home/runner/work/Bugdom2-Android/Bugdom2-Android/android/app/.cxx/Debug/x2b5b4t2/armeabi-v7a/CMakeFiles/CMakeTmp/CheckSymbolExists.c:
/* */
#include <float.h>
#include <iconv.h>
#include <inttypes.h>
#include <limits.h>
#include <malloc.h>
#include <math.h>
#include <memory.h>
#include <signal.h>
#include <stdarg.h>
#include <stdbool.h>
#include <stddef.h>
#include <stdint.h>
#include <stdio.h>
#include <stdlib.h>
#include <string.h>
#include <strings.h>
#include <sys/types.h>
#include <time.h>
#include <wchar.h>

int main(int argc, char** argv)
{
  (void)argv;
#ifndef sin
  return ((int*)(&sin))[argc];
#else
  (void)argc;
  return 0;
#endif
}
Determining if the sinf exist passed with the following output:
Change Dir: /home/runner/work/Bugdom2-Android/Bugdom2-Android/android/app/.cxx/Debug/x2b5b4t2/armeabi-v7a/CMakeFiles/CMakeTmp

Run Build Command(s):/usr/local/lib/android/sdk/cmake/3.22.1/bin/ninja cmTC_5f9cd && [1/2] Building C object CMakeFiles/cmTC_5f9cd.dir/CheckSymbolExists.c.o
[2/2] Linking C executable cmTC_5f9cd


File /home/runner/work/Bugdom2-Android/Bugdom2-Android/android/app/.cxx/Debug/x2b5b4t2/armeabi-v7a/CMakeFiles/CMakeTmp/CheckSymbolExists.c:
/* */
#include <float.h>
#include <iconv.h>
#include <inttypes.h>
#include <limits.h>
#include <malloc.h>
#include <math.h>
#include <memory.h>
#include <signal.h>
#include <stdarg.h>
#include <stdbool.h>
#include <stddef.h>
#include <stdint.h>
#include <stdio.h>
#include <stdlib.h>
#include <string.h>
#include <strings.h>
#include <sys/types.h>
#include <time.h>
#include <wchar.h>

int main(int argc, char** argv)
{
  (void)argv;
#ifndef sinf
  return ((int*)(&sinf))[argc];
#else
  (void)argc;
  return 0;
#endif
}
Determining if the sqrt exist passed with the following output:
Change Dir: /home/runner/work/Bugdom2-Android/Bugdom2-Android/android/app/.cxx/Debug/x2b5b4t2/armeabi-v7a/CMakeFiles/CMakeTmp

Run Build Command(s):/usr/local/lib/android/sdk/cmake/3.22.1/bin/ninja cmTC_42c4a && [1/2] Building C object CMakeFiles/cmTC_42c4a.dir/CheckSymbolExists.c.o
[2/2] Linking C executable cmTC_42c4a


File /home/runner/work/Bugdom2-Android/Bugdom2-Android/android/app/.cxx/Debug/x2b5b4t2/armeabi-v7a/CMakeFiles/CMakeTmp/CheckSymbolExists.c:
/* */
#include <float.h>
#include <iconv.h>
#include <inttypes.h>
#include <limits.h>
#include <malloc.h>
#include <math.h>
#include <memory.h>
#include <signal.h>
#include <stdarg.h>
#include <stdbool.h>
#include <stddef.h>
#include <stdint.h>
#include <stdio.h>
#include <stdlib.h>
#include <string.h>
#include <strings.h>
#include <sys/types.h>
#include <time.h>
#include <wchar.h>

int main(int argc, char** argv)
{
  (void)argv;
#ifndef sqrt
  return ((int*)(&sqrt))[argc];
#else
  (void)argc;
  return 0;
#endif
}
Determining if the sqrtf exist passed with the following output:
Change Dir: /home/runner/work/Bugdom2-Android/Bugdom2-Android/android/app/.cxx/Debug/x2b5b4t2/armeabi-v7a/CMakeFiles/CMakeTmp

Run Build Command(s):/usr/local/lib/android/sdk/cmake/3.22.1/bin/ninja cmTC_b4498 && [1/2] Building C object CMakeFiles/cmTC_b4498.dir/CheckSymbolExists.c.o
[2/2] Linking C executable cmTC_b4498


File /home/runner/work/Bugdom2-Android/Bugdom2-Android/android/app/.cxx/Debug/x2b5b4t2/armeabi-v7a/CMakeFiles/CMakeTmp/CheckSymbolExists.c:
/* */
#include <float.h>
#include <iconv.h>
#include <inttypes.h>
#include <limits.h>
#include <malloc.h>
#include <math.h>
#include <memory.h>
#include <signal.h>
#include <stdarg.h>
#include <stdbool.h>
#include <stddef.h>
#include <stdint.h>
#include <stdio.h>
#include <stdlib.h>
#include <string.h>
#include <strings.h>
#include <sys/types.h>
#include <time.h>
#include <wchar.h>

int main(int argc, char** argv)
{
  (void)argv;
#ifndef sqrtf
  return ((int*)(&sqrtf))[argc];
#else
  (void)argc;
  return 0;
#endif
}
Determining if the sscanf exist passed with the following output:
Change Dir: /home/runner/work/Bugdom2-Android/Bugdom2-Android/android/app/.cxx/Debug/x2b5b4t2/armeabi-v7a/CMakeFiles/CMakeTmp

Run Build Command(s):/usr/local/lib/android/sdk/cmake/3.22.1/bin/ninja cmTC_82c3b && [1/2] Building C object CMakeFiles/cmTC_82c3b.dir/CheckSymbolExists.c.o
[2/2] Linking C executable cmTC_82c3b


File /home/runner/work/Bugdom2-Android/Bugdom2-Android/android/app/.cxx/Debug/x2b5b4t2/armeabi-v7a/CMakeFiles/CMakeTmp/CheckSymbolExists.c:
/* */
#include <float.h>
#include <iconv.h>
#include <inttypes.h>
#include <limits.h>
#include <malloc.h>
#include <math.h>
#include <memory.h>
#include <signal.h>
#include <stdarg.h>
#include <stdbool.h>
#include <stddef.h>
#include <stdint.h>
#include <stdio.h>
#include <stdlib.h>
#include <string.h>
#include <strings.h>
#include <sys/types.h>
#include <time.h>
#include <wchar.h>

int main(int argc, char** argv)
{
  (void)argv;
#ifndef sscanf
  return ((int*)(&sscanf))[argc];
#else
  (void)argc;
  return 0;
#endif
}
Determining if the strchr exist passed with the following output:
Change Dir: /home/runner/work/Bugdom2-Android/Bugdom2-Android/android/app/.cxx/Debug/x2b5b4t2/armeabi-v7a/CMakeFiles/CMakeTmp

Run Build Command(s):/usr/local/lib/android/sdk/cmake/3.22.1/bin/ninja cmTC_15f01 && [1/2] Building C object CMakeFiles/cmTC_15f01.dir/CheckSymbolExists.c.o
[2/2] Linking C executable cmTC_15f01


File /home/runner/work/Bugdom2-Android/Bugdom2-Android/android/app/.cxx/Debug/x2b5b4t2/armeabi-v7a/CMakeFiles/CMakeTmp/CheckSymbolExists.c:
/* */
#include <float.h>
#include <iconv.h>
#include <inttypes.h>
#include <limits.h>
#include <malloc.h>
#include <math.h>
#include <memory.h>
#include <signal.h>
#include <stdarg.h>
#include <stdbool.h>
#include <stddef.h>
#include <stdint.h>
#include <stdio.h>
#include <stdlib.h>
#include <string.h>
#include <strings.h>
#include <sys/types.h>
#include <time.h>
#include <wchar.h>

int main(int argc, char** argv)
{
  (void)argv;
#ifndef strchr
  return ((int*)(&strchr))[argc];
#else
  (void)argc;
  return 0;
#endif
}
Determining if the strcmp exist passed with the following output:
Change Dir: /home/runner/work/Bugdom2-Android/Bugdom2-Android/android/app/.cxx/Debug/x2b5b4t2/armeabi-v7a/CMakeFiles/CMakeTmp

Run Build Command(s):/usr/local/lib/android/sdk/cmake/3.22.1/bin/ninja cmTC_ea188 && [1/2] Building C object CMakeFiles/cmTC_ea188.dir/CheckSymbolExists.c.o
[2/2] Linking C executable cmTC_ea188


File /home/runner/work/Bugdom2-Android/Bugdom2-Android/android/app/.cxx/Debug/x2b5b4t2/armeabi-v7a/CMakeFiles/CMakeTmp/CheckSymbolExists.c:
/* */
#include <float.h>
#include <iconv.h>
#include <inttypes.h>
#include <limits.h>
#include <malloc.h>
#include <math.h>
#include <memory.h>
#include <signal.h>
#include <stdarg.h>
#include <stdbool.h>
#include <stddef.h>
#include <stdint.h>
#include <stdio.h>
#include <stdlib.h>
#include <string.h>
#include <strings.h>
#include <sys/types.h>
#include <time.h>
#include <wchar.h>

int main(int argc, char** argv)
{
  (void)argv;
#ifndef strcmp
  return ((int*)(&strcmp))[argc];
#else
  (void)argc;
  return 0;
#endif
}
Determining if the strlcat exist passed with the following output:
Change Dir: /home/runner/work/Bugdom2-Android/Bugdom2-Android/android/app/.cxx/Debug/x2b5b4t2/armeabi-v7a/CMakeFiles/CMakeTmp

Run Build Command(s):/usr/local/lib/android/sdk/cmake/3.22.1/bin/ninja cmTC_c9834 && [1/2] Building C object CMakeFiles/cmTC_c9834.dir/CheckSymbolExists.c.o
[2/2] Linking C executable cmTC_c9834


File /home/runner/work/Bugdom2-Android/Bugdom2-Android/android/app/.cxx/Debug/x2b5b4t2/armeabi-v7a/CMakeFiles/CMakeTmp/CheckSymbolExists.c:
/* */
#include <float.h>
#include <iconv.h>
#include <inttypes.h>
#include <limits.h>
#include <malloc.h>
#include <math.h>
#include <memory.h>
#include <signal.h>
#include <stdarg.h>
#include <stdbool.h>
#include <stddef.h>
#include <stdint.h>
#include <stdio.h>
#include <stdlib.h>
#include <string.h>
#include <strings.h>
#include <sys/types.h>
#include <time.h>
#include <wchar.h>

int main(int argc, char** argv)
{
  (void)argv;
#ifndef strlcat
  return ((int*)(&strlcat))[argc];
#else
  (void)argc;
  return 0;
#endif
}
Determining if the strlcpy exist passed with the following output:
Change Dir: /home/runner/work/Bugdom2-Android/Bugdom2-Android/android/app/.cxx/Debug/x2b5b4t2/armeabi-v7a/CMakeFiles/CMakeTmp

Run Build Command(s):/usr/local/lib/android/sdk/cmake/3.22.1/bin/ninja cmTC_7d31a && [1/2] Building C object CMakeFiles/cmTC_7d31a.dir/CheckSymbolExists.c.o
[2/2] Linking C executable cmTC_7d31a


File /home/runner/work/Bugdom2-Android/Bugdom2-Android/android/app/.cxx/Debug/x2b5b4t2/armeabi-v7a/CMakeFiles/CMakeTmp/CheckSymbolExists.c:
/* */
#include <float.h>
#include <iconv.h>
#include <inttypes.h>
#include <limits.h>
#include <malloc.h>
#include <math.h>
#include <memory.h>
#include <signal.h>
#include <stdarg.h>
#include <stdbool.h>
#include <stddef.h>
#include <stdint.h>
#include <stdio.h>
#include <stdlib.h>
#include <string.h>
#include <strings.h>
#include <sys/types.h>
#include <time.h>
#include <wchar.h>

int main(int argc, char** argv)
{
  (void)argv;
#ifndef strlcpy
  return ((int*)(&strlcpy))[argc];
#else
  (void)argc;
  return 0;
#endif
}
Determining if the strlen exist passed with the following output:
Change Dir: /home/runner/work/Bugdom2-Android/Bugdom2-Android/android/app/.cxx/Debug/x2b5b4t2/armeabi-v7a/CMakeFiles/CMakeTmp

Run Build Command(s):/usr/local/lib/android/sdk/cmake/3.22.1/bin/ninja cmTC_68aeb && [1/2] Building C object CMakeFiles/cmTC_68aeb.dir/CheckSymbolExists.c.o
[2/2] Linking C executable cmTC_68aeb


File /home/runner/work/Bugdom2-Android/Bugdom2-Android/android/app/.cxx/Debug/x2b5b4t2/armeabi-v7a/CMakeFiles/CMakeTmp/CheckSymbolExists.c:
/* */
#include <float.h>
#include <iconv.h>
#include <inttypes.h>
#include <limits.h>
#include <malloc.h>
#include <math.h>
#include <memory.h>
#include <signal.h>
#include <stdarg.h>
#include <stdbool.h>
#include <stddef.h>
#include <stdint.h>
#include <stdio.h>
#include <stdlib.h>
#include <string.h>
#include <strings.h>
#include <sys/types.h>
#include <time.h>
#include <wchar.h>

int main(int argc, char** argv)
{
  (void)argv;
#ifndef strlen
  return ((int*)(&strlen))[argc];
#else
  (void)argc;
  return 0;
#endif
}
Determining if the strncmp exist passed with the following output:
Change Dir: /home/runner/work/Bugdom2-Android/Bugdom2-Android/android/app/.cxx/Debug/x2b5b4t2/armeabi-v7a/CMakeFiles/CMakeTmp

Run Build Command(s):/usr/local/lib/android/sdk/cmake/3.22.1/bin/ninja cmTC_7cc83 && [1/2] Building C object CMakeFiles/cmTC_7cc83.dir/CheckSymbolExists.c.o
[2/2] Linking C executable cmTC_7cc83


File /home/runner/work/Bugdom2-Android/Bugdom2-Android/android/app/.cxx/Debug/x2b5b4t2/armeabi-v7a/CMakeFiles/CMakeTmp/CheckSymbolExists.c:
/* */
#include <float.h>
#include <iconv.h>
#include <inttypes.h>
#include <limits.h>
#include <malloc.h>
#include <math.h>
#include <memory.h>
#include <signal.h>
#include <stdarg.h>
#include <stdbool.h>
#include <stddef.h>
#include <stdint.h>
#include <stdio.h>
#include <stdlib.h>
#include <string.h>
#include <strings.h>
#include <sys/types.h>
#include <time.h>
#include <wchar.h>

int main(int argc, char** argv)
{
  (void)argv;
#ifndef strncmp
  return ((int*)(&strncmp))[argc];
#else
  (void)argc;
  return 0;
#endif
}
Determining if the strnlen exist passed with the following output:
Change Dir: /home/runner/work/Bugdom2-Android/Bugdom2-Android/android/app/.cxx/Debug/x2b5b4t2/armeabi-v7a/CMakeFiles/CMakeTmp

Run Build Command(s):/usr/local/lib/android/sdk/cmake/3.22.1/bin/ninja cmTC_21da4 && [1/2] Building C object CMakeFiles/cmTC_21da4.dir/CheckSymbolExists.c.o
[2/2] Linking C executable cmTC_21da4


File /home/runner/work/Bugdom2-Android/Bugdom2-Android/android/app/.cxx/Debug/x2b5b4t2/armeabi-v7a/CMakeFiles/CMakeTmp/CheckSymbolExists.c:
/* */
#include <float.h>
#include <iconv.h>
#include <inttypes.h>
#include <limits.h>
#include <malloc.h>
#include <math.h>
#include <memory.h>
#include <signal.h>
#include <stdarg.h>
#include <stdbool.h>
#include <stddef.h>
#include <stdint.h>
#include <stdio.h>
#include <stdlib.h>
#include <string.h>
#include <strings.h>
#include <sys/types.h>
#include <time.h>
#include <wchar.h>

int main(int argc, char** argv)
{
  (void)argv;
#ifndef strnlen
  return ((int*)(&strnlen))[argc];
#else
  (void)argc;
  return 0;
#endif
}
Determining if the strpbrk exist passed with the following output:
Change Dir: /home/runner/work/Bugdom2-Android/Bugdom2-Android/android/app/.cxx/Debug/x2b5b4t2/armeabi-v7a/CMakeFiles/CMakeTmp

Run Build Command(s):/usr/local/lib/android/sdk/cmake/3.22.1/bin/ninja cmTC_99046 && [1/2] Building C object CMakeFiles/cmTC_99046.dir/CheckSymbolExists.c.o
[2/2] Linking C executable cmTC_99046


File /home/runner/work/Bugdom2-Android/Bugdom2-Android/android/app/.cxx/Debug/x2b5b4t2/armeabi-v7a/CMakeFiles/CMakeTmp/CheckSymbolExists.c:
/* */
#include <float.h>
#include <iconv.h>
#include <inttypes.h>
#include <limits.h>
#include <malloc.h>
#include <math.h>
#include <memory.h>
#include <signal.h>
#include <stdarg.h>
#include <stdbool.h>
#include <stddef.h>
#include <stdint.h>
#include <stdio.h>
#include <stdlib.h>
#include <string.h>
#include <strings.h>
#include <sys/types.h>
#include <time.h>
#include <wchar.h>

int main(int argc, char** argv)
{
  (void)argv;
#ifndef strpbrk
  return ((int*)(&strpbrk))[argc];
#else
  (void)argc;
  return 0;
#endif
}
Determining if the strrchr exist passed with the following output:
Change Dir: /home/runner/work/Bugdom2-Android/Bugdom2-Android/android/app/.cxx/Debug/x2b5b4t2/armeabi-v7a/CMakeFiles/CMakeTmp

Run Build Command(s):/usr/local/lib/android/sdk/cmake/3.22.1/bin/ninja cmTC_06a2e && [1/2] Building C object CMakeFiles/cmTC_06a2e.dir/CheckSymbolExists.c.o
[2/2] Linking C executable cmTC_06a2e


File /home/runner/work/Bugdom2-Android/Bugdom2-Android/android/app/.cxx/Debug/x2b5b4t2/armeabi-v7a/CMakeFiles/CMakeTmp/CheckSymbolExists.c:
/* */
#include <float.h>
#include <iconv.h>
#include <inttypes.h>
#include <limits.h>
#include <malloc.h>
#include <math.h>
#include <memory.h>
#include <signal.h>
#include <stdarg.h>
#include <stdbool.h>
#include <stddef.h>
#include <stdint.h>
#include <stdio.h>
#include <stdlib.h>
#include <string.h>
#include <strings.h>
#include <sys/types.h>
#include <time.h>
#include <wchar.h>

int main(int argc, char** argv)
{
  (void)argv;
#ifndef strrchr
  return ((int*)(&strrchr))[argc];
#else
  (void)argc;
  return 0;
#endif
}
Determining if the strstr exist passed with the following output:
Change Dir: /home/runner/work/Bugdom2-Android/Bugdom2-Android/android/app/.cxx/Debug/x2b5b4t2/armeabi-v7a/CMakeFiles/CMakeTmp

Run Build Command(s):/usr/local/lib/android/sdk/cmake/3.22.1/bin/ninja cmTC_24c8c && [1/2] Building C object CMakeFiles/cmTC_24c8c.dir/CheckSymbolExists.c.o
[2/2] Linking C executable cmTC_24c8c


File /home/runner/work/Bugdom2-Android/Bugdom2-Android/android/app/.cxx/Debug/x2b5b4t2/armeabi-v7a/CMakeFiles/CMakeTmp/CheckSymbolExists.c:
/* */
#include <float.h>
#include <iconv.h>
#include <inttypes.h>
#include <limits.h>
#include <malloc.h>
#include <math.h>
#include <memory.h>
#include <signal.h>
#include <stdarg.h>
#include <stdbool.h>
#include <stddef.h>
#include <stdint.h>
#include <stdio.h>
#include <stdlib.h>
#include <string.h>
#include <strings.h>
#include <sys/types.h>
#include <time.h>
#include <wchar.h>

int main(int argc, char** argv)
{
  (void)argv;
#ifndef strstr
  return ((int*)(&strstr))[argc];
#else
  (void)argc;
  return 0;
#endif
}
Determining if the strtod exist passed with the following output:
Change Dir: /home/runner/work/Bugdom2-Android/Bugdom2-Android/android/app/.cxx/Debug/x2b5b4t2/armeabi-v7a/CMakeFiles/CMakeTmp

Run Build Command(s):/usr/local/lib/android/sdk/cmake/3.22.1/bin/ninja cmTC_b4146 && [1/2] Building C object CMakeFiles/cmTC_b4146.dir/CheckSymbolExists.c.o
[2/2] Linking C executable cmTC_b4146


File /home/runner/work/Bugdom2-Android/Bugdom2-Android/android/app/.cxx/Debug/x2b5b4t2/armeabi-v7a/CMakeFiles/CMakeTmp/CheckSymbolExists.c:
/* */
#include <float.h>
#include <iconv.h>
#include <inttypes.h>
#include <limits.h>
#include <malloc.h>
#include <math.h>
#include <memory.h>
#include <signal.h>
#include <stdarg.h>
#include <stdbool.h>
#include <stddef.h>
#include <stdint.h>
#include <stdio.h>
#include <stdlib.h>
#include <string.h>
#include <strings.h>
#include <sys/types.h>
#include <time.h>
#include <wchar.h>

int main(int argc, char** argv)
{
  (void)argv;
#ifndef strtod
  return ((int*)(&strtod))[argc];
#else
  (void)argc;
  return 0;
#endif
}
Determining if the strtok_r exist passed with the following output:
Change Dir: /home/runner/work/Bugdom2-Android/Bugdom2-Android/android/app/.cxx/Debug/x2b5b4t2/armeabi-v7a/CMakeFiles/CMakeTmp

Run Build Command(s):/usr/local/lib/android/sdk/cmake/3.22.1/bin/ninja cmTC_cb3bd && [1/2] Building C object CMakeFiles/cmTC_cb3bd.dir/CheckSymbolExists.c.o
[2/2] Linking C executable cmTC_cb3bd


File /home/runner/work/Bugdom2-Android/Bugdom2-Android/android/app/.cxx/Debug/x2b5b4t2/armeabi-v7a/CMakeFiles/CMakeTmp/CheckSymbolExists.c:
/* */
#include <float.h>
#include <iconv.h>
#include <inttypes.h>
#include <limits.h>
#include <malloc.h>
#include <math.h>
#include <memory.h>
#include <signal.h>
#include <stdarg.h>
#include <stdbool.h>
#include <stddef.h>
#include <stdint.h>
#include <stdio.h>
#include <stdlib.h>
#include <string.h>
#include <strings.h>
#include <sys/types.h>
#include <time.h>
#include <wchar.h>

int main(int argc, char** argv)
{
  (void)argv;
#ifndef strtok_r
  return ((int*)(&strtok_r))[argc];
#else
  (void)argc;
  return 0;
#endif
}
Determining if the strtol exist passed with the following output:
Change Dir: /home/runner/work/Bugdom2-Android/Bugdom2-Android/android/app/.cxx/Debug/x2b5b4t2/armeabi-v7a/CMakeFiles/CMakeTmp

Run Build Command(s):/usr/local/lib/android/sdk/cmake/3.22.1/bin/ninja cmTC_0987a && [1/2] Building C object CMakeFiles/cmTC_0987a.dir/CheckSymbolExists.c.o
[2/2] Linking C executable cmTC_0987a


File /home/runner/work/Bugdom2-Android/Bugdom2-Android/android/app/.cxx/Debug/x2b5b4t2/armeabi-v7a/CMakeFiles/CMakeTmp/CheckSymbolExists.c:
/* */
#include <float.h>
#include <iconv.h>
#include <inttypes.h>
#include <limits.h>
#include <malloc.h>
#include <math.h>
#include <memory.h>
#include <signal.h>
#include <stdarg.h>
#include <stdbool.h>
#include <stddef.h>
#include <stdint.h>
#include <stdio.h>
#include <stdlib.h>
#include <string.h>
#include <strings.h>
#include <sys/types.h>
#include <time.h>
#include <wchar.h>

int main(int argc, char** argv)
{
  (void)argv;
#ifndef strtol
  return ((int*)(&strtol))[argc];
#else
  (void)argc;
  return 0;
#endif
}
Determining if the strtoll exist passed with the following output:
Change Dir: /home/runner/work/Bugdom2-Android/Bugdom2-Android/android/app/.cxx/Debug/x2b5b4t2/armeabi-v7a/CMakeFiles/CMakeTmp

Run Build Command(s):/usr/local/lib/android/sdk/cmake/3.22.1/bin/ninja cmTC_f25da && [1/2] Building C object CMakeFiles/cmTC_f25da.dir/CheckSymbolExists.c.o
[2/2] Linking C executable cmTC_f25da


File /home/runner/work/Bugdom2-Android/Bugdom2-Android/android/app/.cxx/Debug/x2b5b4t2/armeabi-v7a/CMakeFiles/CMakeTmp/CheckSymbolExists.c:
/* */
#include <float.h>
#include <iconv.h>
#include <inttypes.h>
#include <limits.h>
#include <malloc.h>
#include <math.h>
#include <memory.h>
#include <signal.h>
#include <stdarg.h>
#include <stdbool.h>
#include <stddef.h>
#include <stdint.h>
#include <stdio.h>
#include <stdlib.h>
#include <string.h>
#include <strings.h>
#include <sys/types.h>
#include <time.h>
#include <wchar.h>

int main(int argc, char** argv)
{
  (void)argv;
#ifndef strtoll
  return ((int*)(&strtoll))[argc];
#else
  (void)argc;
  return 0;
#endif
}
Determining if the strtoul exist passed with the following output:
Change Dir: /home/runner/work/Bugdom2-Android/Bugdom2-Android/android/app/.cxx/Debug/x2b5b4t2/armeabi-v7a/CMakeFiles/CMakeTmp

Run Build Command(s):/usr/local/lib/android/sdk/cmake/3.22.1/bin/ninja cmTC_d89cd && [1/2] Building C object CMakeFiles/cmTC_d89cd.dir/CheckSymbolExists.c.o
[2/2] Linking C executable cmTC_d89cd


File /home/runner/work/Bugdom2-Android/Bugdom2-Android/android/app/.cxx/Debug/x2b5b4t2/armeabi-v7a/CMakeFiles/CMakeTmp/CheckSymbolExists.c:
/* */
#include <float.h>
#include <iconv.h>
#include <inttypes.h>
#include <limits.h>
#include <malloc.h>
#include <math.h>
#include <memory.h>
#include <signal.h>
#include <stdarg.h>
#include <stdbool.h>
#include <stddef.h>
#include <stdint.h>
#include <stdio.h>
#include <stdlib.h>
#include <string.h>
#include <strings.h>
#include <sys/types.h>
#include <time.h>
#include <wchar.h>

int main(int argc, char** argv)
{
  (void)argv;
#ifndef strtoul
  return ((int*)(&strtoul))[argc];
#else
  (void)argc;
  return 0;
#endif
}
Determining if the strtoull exist passed with the following output:
Change Dir: /home/runner/work/Bugdom2-Android/Bugdom2-Android/android/app/.cxx/Debug/x2b5b4t2/armeabi-v7a/CMakeFiles/CMakeTmp

Run Build Command(s):/usr/local/lib/android/sdk/cmake/3.22.1/bin/ninja cmTC_db137 && [1/2] Building C object CMakeFiles/cmTC_db137.dir/CheckSymbolExists.c.o
[2/2] Linking C executable cmTC_db137


File /home/runner/work/Bugdom2-Android/Bugdom2-Android/android/app/.cxx/Debug/x2b5b4t2/armeabi-v7a/CMakeFiles/CMakeTmp/CheckSymbolExists.c:
/* */
#include <float.h>
#include <iconv.h>
#include <inttypes.h>
#include <limits.h>
#include <malloc.h>
#include <math.h>
#include <memory.h>
#include <signal.h>
#include <stdarg.h>
#include <stdbool.h>
#include <stddef.h>
#include <stdint.h>
#include <stdio.h>
#include <stdlib.h>
#include <string.h>
#include <strings.h>
#include <sys/types.h>
#include <time.h>
#include <wchar.h>

int main(int argc, char** argv)
{
  (void)argv;
#ifndef strtoull
  return ((int*)(&strtoull))[argc];
#else
  (void)argc;
  return 0;
#endif
}
Determining if the tan exist passed with the following output:
Change Dir: /home/runner/work/Bugdom2-Android/Bugdom2-Android/android/app/.cxx/Debug/x2b5b4t2/armeabi-v7a/CMakeFiles/CMakeTmp

Run Build Command(s):/usr/local/lib/android/sdk/cmake/3.22.1/bin/ninja cmTC_42556 && [1/2] Building C object CMakeFiles/cmTC_42556.dir/CheckSymbolExists.c.o
[2/2] Linking C executable cmTC_42556


File /home/runner/work/Bugdom2-Android/Bugdom2-Android/android/app/.cxx/Debug/x2b5b4t2/armeabi-v7a/CMakeFiles/CMakeTmp/CheckSymbolExists.c:
/* */
#include <float.h>
#include <iconv.h>
#include <inttypes.h>
#include <limits.h>
#include <malloc.h>
#include <math.h>
#include <memory.h>
#include <signal.h>
#include <stdarg.h>
#include <stdbool.h>
#include <stddef.h>
#include <stdint.h>
#include <stdio.h>
#include <stdlib.h>
#include <string.h>
#include <strings.h>
#include <sys/types.h>
#include <time.h>
#include <wchar.h>

int main(int argc, char** argv)
{
  (void)argv;
#ifndef tan
  return ((int*)(&tan))[argc];
#else
  (void)argc;
  return 0;
#endif
}
Determining if the tanf exist passed with the following output:
Change Dir: /home/runner/work/Bugdom2-Android/Bugdom2-Android/android/app/.cxx/Debug/x2b5b4t2/armeabi-v7a/CMakeFiles/CMakeTmp

Run Build Command(s):/usr/local/lib/android/sdk/cmake/3.22.1/bin/ninja cmTC_51724 && [1/2] Building C object CMakeFiles/cmTC_51724.dir/CheckSymbolExists.c.o
[2/2] Linking C executable cmTC_51724


File /home/runner/work/Bugdom2-Android/Bugdom2-Android/android/app/.cxx/Debug/x2b5b4t2/armeabi-v7a/CMakeFiles/CMakeTmp/CheckSymbolExists.c:
/* */
#include <float.h>
#include <iconv.h>
#include <inttypes.h>
#include <limits.h>
#include <malloc.h>
#include <math.h>
#include <memory.h>
#include <signal.h>
#include <stdarg.h>
#include <stdbool.h>
#include <stddef.h>
#include <stdint.h>
#include <stdio.h>
#include <stdlib.h>
#include <string.h>
#include <strings.h>
#include <sys/types.h>
#include <time.h>
#include <wchar.h>

int main(int argc, char** argv)
{
  (void)argv;
#ifndef tanf
  return ((int*)(&tanf))[argc];
#else
  (void)argc;
  return 0;
#endif
}
Determining if the trunc exist passed with the following output:
Change Dir: /home/runner/work/Bugdom2-Android/Bugdom2-Android/android/app/.cxx/Debug/x2b5b4t2/armeabi-v7a/CMakeFiles/CMakeTmp

Run Build Command(s):/usr/local/lib/android/sdk/cmake/3.22.1/bin/ninja cmTC_d9a55 && [1/2] Building C object CMakeFiles/cmTC_d9a55.dir/CheckSymbolExists.c.o
[2/2] Linking C executable cmTC_d9a55


File /home/runner/work/Bugdom2-Android/Bugdom2-Android/android/app/.cxx/Debug/x2b5b4t2/armeabi-v7a/CMakeFiles/CMakeTmp/CheckSymbolExists.c:
/* */
#include <float.h>
#include <iconv.h>
#include <inttypes.h>
#include <limits.h>
#include <malloc.h>
#include <math.h>
#include <memory.h>
#include <signal.h>
#include <stdarg.h>
#include <stdbool.h>
#include <stddef.h>
#include <stdint.h>
#include <stdio.h>
#include <stdlib.h>
#include <string.h>
#include <strings.h>
#include <sys/types.h>
#include <time.h>
#include <wchar.h>

int main(int argc, char** argv)
{
  (void)argv;
#ifndef trunc
  return ((int*)(&trunc))[argc];
#else
  (void)argc;
  return 0;
#endif
}
Determining if the truncf exist passed with the following output:
Change Dir: /home/runner/work/Bugdom2-Android/Bugdom2-Android/android/app/.cxx/Debug/x2b5b4t2/armeabi-v7a/CMakeFiles/CMakeTmp

Run Build Command(s):/usr/local/lib/android/sdk/cmake/3.22.1/bin/ninja cmTC_1991b && [1/2] Building C object CMakeFiles/cmTC_1991b.dir/CheckSymbolExists.c.o
[2/2] Linking C executable cmTC_1991b


File /home/runner/work/Bugdom2-Android/Bugdom2-Android/android/app/.cxx/Debug/x2b5b4t2/armeabi-v7a/CMakeFiles/CMakeTmp/CheckSymbolExists.c:
/* */
#include <float.h>
#include <iconv.h>
#include <inttypes.h>
#include <limits.h>
#include <malloc.h>
#include <math.h>
#include <memory.h>
#include <signal.h>
#include <stdarg.h>
#include <stdbool.h>
#include <stddef.h>
#include <stdint.h>
#include <stdio.h>
#include <stdlib.h>
#include <string.h>
#include <strings.h>
#include <sys/types.h>
#include <time.h>
#include <wchar.h>

int main(int argc, char** argv)
{
  (void)argv;
#ifndef truncf
  return ((int*)(&truncf))[argc];
#else
  (void)argc;
  return 0;
#endif
}
Determining if the unsetenv exist passed with the following output:
Change Dir: /home/runner/work/Bugdom2-Android/Bugdom2-Android/android/app/.cxx/Debug/x2b5b4t2/armeabi-v7a/CMakeFiles/CMakeTmp

Run Build Command(s):/usr/local/lib/android/sdk/cmake/3.22.1/bin/ninja cmTC_9d32f && [1/2] Building C object CMakeFiles/cmTC_9d32f.dir/CheckSymbolExists.c.o
[2/2] Linking C executable cmTC_9d32f


File /home/runner/work/Bugdom2-Android/Bugdom2-Android/android/app/.cxx/Debug/x2b5b4t2/armeabi-v7a/CMakeFiles/CMakeTmp/CheckSymbolExists.c:
/* */
#include <float.h>
#include <iconv.h>
#include <inttypes.h>
#include <limits.h>
#include <malloc.h>
#include <math.h>
#include <memory.h>
#include <signal.h>
#include <stdarg.h>
#include <stdbool.h>
#include <stddef.h>
#include <stdint.h>
#include <stdio.h>
#include <stdlib.h>
#include <string.h>
#include <strings.h>
#include <sys/types.h>
#include <time.h>
#include <wchar.h>

int main(int argc, char** argv)
{
  (void)argv;
#ifndef unsetenv
  return ((int*)(&unsetenv))[argc];
#else
  (void)argc;
  return 0;
#endif
}
Determining if the vsnprintf exist passed with the following output:
Change Dir: /home/runner/work/Bugdom2-Android/Bugdom2-Android/android/app/.cxx/Debug/x2b5b4t2/armeabi-v7a/CMakeFiles/CMakeTmp

Run Build Command(s):/usr/local/lib/android/sdk/cmake/3.22.1/bin/ninja cmTC_ba2a7 && [1/2] Building C object CMakeFiles/cmTC_ba2a7.dir/CheckSymbolExists.c.o
[2/2] Linking C executable cmTC_ba2a7


File /home/runner/work/Bugdom2-Android/Bugdom2-Android/android/app/.cxx/Debug/x2b5b4t2/armeabi-v7a/CMakeFiles/CMakeTmp/CheckSymbolExists.c:
/* */
#include <float.h>
#include <iconv.h>
#include <inttypes.h>
#include <limits.h>
#include <malloc.h>
#include <math.h>
#include <memory.h>
#include <signal.h>
#include <stdarg.h>
#include <stdbool.h>
#include <stddef.h>
#include <stdint.h>
#include <stdio.h>
#include <stdlib.h>
#include <string.h>
#include <strings.h>
#include <sys/types.h>
#include <time.h>
#include <wchar.h>

int main(int argc, char** argv)
{
  (void)argv;
#ifndef vsnprintf
  return ((int*)(&vsnprintf))[argc];
#else
  (void)argc;
  return 0;
#endif
}
Determining if the vsscanf exist passed with the following output:
Change Dir: /home/runner/work/Bugdom2-Android/Bugdom2-Android/android/app/.cxx/Debug/x2b5b4t2/armeabi-v7a/CMakeFiles/CMakeTmp

Run Build Command(s):/usr/local/lib/android/sdk/cmake/3.22.1/bin/ninja cmTC_7d968 && [1/2] Building C object CMakeFiles/cmTC_7d968.dir/CheckSymbolExists.c.o
[2/2] Linking C executable cmTC_7d968


File /home/runner/work/Bugdom2-Android/Bugdom2-Android/android/app/.cxx/Debug/x2b5b4t2/armeabi-v7a/CMakeFiles/CMakeTmp/CheckSymbolExists.c:
/* */
#include <float.h>
#include <iconv.h>
#include <inttypes.h>
#include <limits.h>
#include <malloc.h>
#include <math.h>
#include <memory.h>
#include <signal.h>
#include <stdarg.h>
#include <stdbool.h>
#include <stddef.h>
#include <stdint.h>
#include <stdio.h>
#include <stdlib.h>
#include <string.h>
#include <strings.h>
#include <sys/types.h>
#include <time.h>
#include <wchar.h>

int main(int argc, char** argv)
{
  (void)argv;
#ifndef vsscanf
  return ((int*)(&vsscanf))[argc];
#else
  (void)argc;
  return 0;
#endif
}
Determining if the wcsnlen exist passed with the following output:
Change Dir: /home/runner/work/Bugdom2-Android/Bugdom2-Android/android/app/.cxx/Debug/x2b5b4t2/armeabi-v7a/CMakeFiles/CMakeTmp

Run Build Command(s):/usr/local/lib/android/sdk/cmake/3.22.1/bin/ninja cmTC_bd565 && [1/2] Building C object CMakeFiles/cmTC_bd565.dir/CheckSymbolExists.c.o
[2/2] Linking C executable cmTC_bd565


File /home/runner/work/Bugdom2-Android/Bugdom2-Android/android/app/.cxx/Debug/x2b5b4t2/armeabi-v7a/CMakeFiles/CMakeTmp/CheckSymbolExists.c:
/* */
#include <float.h>
#include <iconv.h>
#include <inttypes.h>
#include <limits.h>
#include <malloc.h>
#include <math.h>
#include <memory.h>
#include <signal.h>
#include <stdarg.h>
#include <stdbool.h>
#include <stddef.h>
#include <stdint.h>
#include <stdio.h>
#include <stdlib.h>
#include <string.h>
#include <strings.h>
#include <sys/types.h>
#include <time.h>
#include <wchar.h>

int main(int argc, char** argv)
{
  (void)argv;
#ifndef wcsnlen
  return ((int*)(&wcsnlen))[argc];
#else
  (void)argc;
  return 0;
#endif
}
Determining if the wcscmp exist passed with the following output:
Change Dir: /home/runner/work/Bugdom2-Android/Bugdom2-Android/android/app/.cxx/Debug/x2b5b4t2/armeabi-v7a/CMakeFiles/CMakeTmp

Run Build Command(s):/usr/local/lib/android/sdk/cmake/3.22.1/bin/ninja cmTC_a99f6 && [1/2] Building C object CMakeFiles/cmTC_a99f6.dir/CheckSymbolExists.c.o
[2/2] Linking C executable cmTC_a99f6


File /home/runner/work/Bugdom2-Android/Bugdom2-Android/android/app/.cxx/Debug/x2b5b4t2/armeabi-v7a/CMakeFiles/CMakeTmp/CheckSymbolExists.c:
/* */
#include <float.h>
#include <iconv.h>
#include <inttypes.h>
#include <limits.h>
#include <malloc.h>
#include <math.h>
#include <memory.h>
#include <signal.h>
#include <stdarg.h>
#include <stdbool.h>
#include <stddef.h>
#include <stdint.h>
#include <stdio.h>
#include <stdlib.h>
#include <string.h>
#include <strings.h>
#include <sys/types.h>
#include <time.h>
#include <wchar.h>

int main(int argc, char** argv)
{
  (void)argv;
#ifndef wcscmp
  return ((int*)(&wcscmp))[argc];
#else
  (void)argc;
  return 0;
#endif
}
Determining if the wcsdup exist passed with the following output:
Change Dir: /home/runner/work/Bugdom2-Android/Bugdom2-Android/android/app/.cxx/Debug/x2b5b4t2/armeabi-v7a/CMakeFiles/CMakeTmp

Run Build Command(s):/usr/local/lib/android/sdk/cmake/3.22.1/bin/ninja cmTC_20bfe && [1/2] Building C object CMakeFiles/cmTC_20bfe.dir/CheckSymbolExists.c.o
[2/2] Linking C executable cmTC_20bfe


File /home/runner/work/Bugdom2-Android/Bugdom2-Android/android/app/.cxx/Debug/x2b5b4t2/armeabi-v7a/CMakeFiles/CMakeTmp/CheckSymbolExists.c:
/* */
#include <float.h>
#include <iconv.h>
#include <inttypes.h>
#include <limits.h>
#include <malloc.h>
#include <math.h>
#include <memory.h>
#include <signal.h>
#include <stdarg.h>
#include <stdbool.h>
#include <stddef.h>
#include <stdint.h>
#include <stdio.h>
#include <stdlib.h>
#include <string.h>
#include <strings.h>
#include <sys/types.h>
#include <time.h>
#include <wchar.h>

int main(int argc, char** argv)
{
  (void)argv;
#ifndef wcsdup
  return ((int*)(&wcsdup))[argc];
#else
  (void)argc;
  return 0;
#endif
}
Determining if the wcslcat exist passed with the following output:
Change Dir: /home/runner/work/Bugdom2-Android/Bugdom2-Android/android/app/.cxx/Debug/x2b5b4t2/armeabi-v7a/CMakeFiles/CMakeTmp

Run Build Command(s):/usr/local/lib/android/sdk/cmake/3.22.1/bin/ninja cmTC_3b68c && [1/2] Building C object CMakeFiles/cmTC_3b68c.dir/CheckSymbolExists.c.o
[2/2] Linking C executable cmTC_3b68c


File /home/runner/work/Bugdom2-Android/Bugdom2-Android/android/app/.cxx/Debug/x2b5b4t2/armeabi-v7a/CMakeFiles/CMakeTmp/CheckSymbolExists.c:
/* */
#include <float.h>
#include <iconv.h>
#include <inttypes.h>
#include <limits.h>
#include <malloc.h>
#include <math.h>
#include <memory.h>
#include <signal.h>
#include <stdarg.h>
#include <stdbool.h>
#include <stddef.h>
#include <stdint.h>
#include <stdio.h>
#include <stdlib.h>
#include <string.h>
#include <strings.h>
#include <sys/types.h>
#include <time.h>
#include <wchar.h>

int main(int argc, char** argv)
{
  (void)argv;
#ifndef wcslcat
  return ((int*)(&wcslcat))[argc];
#else
  (void)argc;
  return 0;
#endif
}
Determining if the wcslcpy exist passed with the following output:
Change Dir: /home/runner/work/Bugdom2-Android/Bugdom2-Android/android/app/.cxx/Debug/x2b5b4t2/armeabi-v7a/CMakeFiles/CMakeTmp

Run Build Command(s):/usr/local/lib/android/sdk/cmake/3.22.1/bin/ninja cmTC_5ef36 && [1/2] Building C object CMakeFiles/cmTC_5ef36.dir/CheckSymbolExists.c.o
[2/2] Linking C executable cmTC_5ef36


File /home/runner/work/Bugdom2-Android/Bugdom2-Android/android/app/.cxx/Debug/x2b5b4t2/armeabi-v7a/CMakeFiles/CMakeTmp/CheckSymbolExists.c:
/* */
#include <float.h>
#include <iconv.h>
#include <inttypes.h>
#include <limits.h>
#include <malloc.h>
#include <math.h>
#include <memory.h>
#include <signal.h>
#include <stdarg.h>
#include <stdbool.h>
#include <stddef.h>
#include <stdint.h>
#include <stdio.h>
#include <stdlib.h>
#include <string.h>
#include <strings.h>
#include <sys/types.h>
#include <time.h>
#include <wchar.h>

int main(int argc, char** argv)
{
  (void)argv;
#ifndef wcslcpy
  return ((int*)(&wcslcpy))[argc];
#else
  (void)argc;
  return 0;
#endif
}
Determining if the wcslen exist passed with the following output:
Change Dir: /home/runner/work/Bugdom2-Android/Bugdom2-Android/android/app/.cxx/Debug/x2b5b4t2/armeabi-v7a/CMakeFiles/CMakeTmp

Run Build Command(s):/usr/local/lib/android/sdk/cmake/3.22.1/bin/ninja cmTC_db31a && [1/2] Building C object CMakeFiles/cmTC_db31a.dir/CheckSymbolExists.c.o
[2/2] Linking C executable cmTC_db31a


File /home/runner/work/Bugdom2-Android/Bugdom2-Android/android/app/.cxx/Debug/x2b5b4t2/armeabi-v7a/CMakeFiles/CMakeTmp/CheckSymbolExists.c:
/* */
#include <float.h>
#include <iconv.h>
#include <inttypes.h>
#include <limits.h>
#include <malloc.h>
#include <math.h>
#include <memory.h>
#include <signal.h>
#include <stdarg.h>
#include <stdbool.h>
#include <stddef.h>
#include <stdint.h>
#include <stdio.h>
#include <stdlib.h>
#include <string.h>
#include <strings.h>
#include <sys/types.h>
#include <time.h>
#include <wchar.h>

int main(int argc, char** argv)
{
  (void)argv;
#ifndef wcslen
  return ((int*)(&wcslen))[argc];
#else
  (void)argc;
  return 0;
#endif
}
Determining if the wcsncmp exist passed with the following output:
Change Dir: /home/runner/work/Bugdom2-Android/Bugdom2-Android/android/app/.cxx/Debug/x2b5b4t2/armeabi-v7a/CMakeFiles/CMakeTmp

Run Build Command(s):/usr/local/lib/android/sdk/cmake/3.22.1/bin/ninja cmTC_948d6 && [1/2] Building C object CMakeFiles/cmTC_948d6.dir/CheckSymbolExists.c.o
[2/2] Linking C executable cmTC_948d6


File /home/runner/work/Bugdom2-Android/Bugdom2-Android/android/app/.cxx/Debug/x2b5b4t2/armeabi-v7a/CMakeFiles/CMakeTmp/CheckSymbolExists.c:
/* */
#include <float.h>
#include <iconv.h>
#include <inttypes.h>
#include <limits.h>
#include <malloc.h>
#include <math.h>
#include <memory.h>
#include <signal.h>
#include <stdarg.h>
#include <stdbool.h>
#include <stddef.h>
#include <stdint.h>
#include <stdio.h>
#include <stdlib.h>
#include <string.h>
#include <strings.h>
#include <sys/types.h>
#include <time.h>
#include <wchar.h>

int main(int argc, char** argv)
{
  (void)argv;
#ifndef wcsncmp
  return ((int*)(&wcsncmp))[argc];
#else
  (void)argc;
  return 0;
#endif
}
Determining if the wcsstr exist passed with the following output:
Change Dir: /home/runner/work/Bugdom2-Android/Bugdom2-Android/android/app/.cxx/Debug/x2b5b4t2/armeabi-v7a/CMakeFiles/CMakeTmp

Run Build Command(s):/usr/local/lib/android/sdk/cmake/3.22.1/bin/ninja cmTC_986a1 && [1/2] Building C object CMakeFiles/cmTC_986a1.dir/CheckSymbolExists.c.o
[2/2] Linking C executable cmTC_986a1


File /home/runner/work/Bugdom2-Android/Bugdom2-Android/android/app/.cxx/Debug/x2b5b4t2/armeabi-v7a/CMakeFiles/CMakeTmp/CheckSymbolExists.c:
/* */
#include <float.h>
#include <iconv.h>
#include <inttypes.h>
#include <limits.h>
#include <malloc.h>
#include <math.h>
#include <memory.h>
#include <signal.h>
#include <stdarg.h>
#include <stdbool.h>
#include <stddef.h>
#include <stdint.h>
#include <stdio.h>
#include <stdlib.h>
#include <string.h>
#include <strings.h>
#include <sys/types.h>
#include <time.h>
#include <wchar.h>

int main(int argc, char** argv)
{
  (void)argv;
#ifndef wcsstr
  return ((int*)(&wcsstr))[argc];
#else
  (void)argc;
  return 0;
#endif
}
Determining if the wcstol exist passed with the following output:
Change Dir: /home/runner/work/Bugdom2-Android/Bugdom2-Android/android/app/.cxx/Debug/x2b5b4t2/armeabi-v7a/CMakeFiles/CMakeTmp

Run Build Command(s):/usr/local/lib/android/sdk/cmake/3.22.1/bin/ninja cmTC_c7c82 && [1/2] Building C object CMakeFiles/cmTC_c7c82.dir/CheckSymbolExists.c.o
[2/2] Linking C executable cmTC_c7c82


File /home/runner/work/Bugdom2-Android/Bugdom2-Android/android/app/.cxx/Debug/x2b5b4t2/armeabi-v7a/CMakeFiles/CMakeTmp/CheckSymbolExists.c:
/* */
#include <float.h>
#include <iconv.h>
#include <inttypes.h>
#include <limits.h>
#include <malloc.h>
#include <math.h>
#include <memory.h>
#include <signal.h>
#include <stdarg.h>
#include <stdbool.h>
#include <stddef.h>
#include <stdint.h>
#include <stdio.h>
#include <stdlib.h>
#include <string.h>
#include <strings.h>
#include <sys/types.h>
#include <time.h>
#include <wchar.h>

int main(int argc, char** argv)
{
  (void)argv;
#ifndef wcstol
  return ((int*)(&wcstol))[argc];
#else
  (void)argc;
  return 0;
#endif
}
Determining if the strcasestr exist passed with the following output:
Change Dir: /home/runner/work/Bugdom2-Android/Bugdom2-Android/android/app/.cxx/Debug/x2b5b4t2/armeabi-v7a/CMakeFiles/CMakeTmp

Run Build Command(s):/usr/local/lib/android/sdk/cmake/3.22.1/bin/ninja cmTC_58a65 && [1/2] Building C object CMakeFiles/cmTC_58a65.dir/CheckSymbolExists.c.o
[2/2] Linking C executable cmTC_58a65


File /home/runner/work/Bugdom2-Android/Bugdom2-Android/android/app/.cxx/Debug/x2b5b4t2/armeabi-v7a/CMakeFiles/CMakeTmp/CheckSymbolExists.c:
/* */
#include <float.h>
#include <iconv.h>
#include <inttypes.h>
#include <limits.h>
#include <malloc.h>
#include <math.h>
#include <memory.h>
#include <signal.h>
#include <stdarg.h>
#include <stdbool.h>
#include <stddef.h>
#include <stdint.h>
#include <stdio.h>
#include <stdlib.h>
#include <string.h>
#include <strings.h>
#include <sys/types.h>
#include <time.h>
#include <wchar.h>

int main(int argc, char** argv)
{
  (void)argv;
#ifndef strcasestr
  return ((int*)(&strcasestr))[argc];
#else
  (void)argc;
  return 0;
#endif
}
Performing C SOURCE FILE Test LIBC_HAS_ISINF succeeded with the following output:
Change Dir: /home/runner/work/Bugdom2-Android/Bugdom2-Android/android/app/.cxx/Debug/x2b5b4t2/armeabi-v7a/CMakeFiles/CMakeTmp

Run Build Command(s):/usr/local/lib/android/sdk/cmake/3.22.1/bin/ninja cmTC_98abb && [1/2] Building C object CMakeFiles/cmTC_98abb.dir/src.c.o
[2/2] Linking C executable cmTC_98abb


Source file was:

        #include <math.h>
        int main() {
          double d = 3.14159;
          return isinf(d);
        }
      
Performing C SOURCE FILE Test LIBC_ISINF_HANDLES_FLOAT succeeded with the following output:
Change Dir: /home/runner/work/Bugdom2-Android/Bugdom2-Android/android/app/.cxx/Debug/x2b5b4t2/armeabi-v7a/CMakeFiles/CMakeTmp

Run Build Command(s):/usr/local/lib/android/sdk/cmake/3.22.1/bin/ninja cmTC_62dca && [1/2] Building C object CMakeFiles/cmTC_62dca.dir/src.c.o
[2/2] Linking C executable cmTC_62dca


Source file was:

      #include <math.h>
      int main() {
        float f = 3.14159f;
        return isinf(f);
      }
    
Performing C SOURCE FILE Test LIBC_HAS_ISNAN succeeded with the following output:
Change Dir: /home/runner/work/Bugdom2-Android/Bugdom2-Android/android/app/.cxx/Debug/x2b5b4t2/armeabi-v7a/CMakeFiles/CMakeTmp

Run Build Command(s):/usr/local/lib/android/sdk/cmake/3.22.1/bin/ninja cmTC_b1e28 && [1/2] Building C object CMakeFiles/cmTC_b1e28.dir/src.c.o
[2/2] Linking C executable cmTC_b1e28


Source file was:

        #include <math.h>
        int main() {
          double d = 3.14159;
          return isnan(d);
        }
      
Performing C SOURCE FILE Test LIBC_ISNAN_HANDLES_FLOAT succeeded with the following output:
Change Dir: /home/runner/work/Bugdom2-Android/Bugdom2-Android/android/app/.cxx/Debug/x2b5b4t2/armeabi-v7a/CMakeFiles/CMakeTmp

Run Build Command(s):/usr/local/lib/android/sdk/cmake/3.22.1/bin/ninja cmTC_c166d && [1/2] Building C object CMakeFiles/cmTC_c166d.dir/src.c.o
[2/2] Linking C executable cmTC_c166d


Source file was:

      #include <math.h>
      int main() {
        float f = 3.14159f;
        return isnan(f);
      }
    
Performing C SOURCE FILE Test LIBC_HAS_ISNANF succeeded with the following output:
Change Dir: /home/runner/work/Bugdom2-Android/Bugdom2-Android/android/app/.cxx/Debug/x2b5b4t2/armeabi-v7a/CMakeFiles/CMakeTmp

Run Build Command(s):/usr/local/lib/android/sdk/cmake/3.22.1/bin/ninja cmTC_670ed && [1/2] Building C object CMakeFiles/cmTC_670ed.dir/src.c.o
[2/2] Linking C executable cmTC_670ed


Source file was:

      #include <math.h>
      int main() {
        float f = 3.14159f;
        return isnanf(f);
      }
    
Determining if the fdatasync exist passed with the following output:
Change Dir: /home/runner/work/Bugdom2-Android/Bugdom2-Android/android/app/.cxx/Debug/x2b5b4t2/armeabi-v7a/CMakeFiles/CMakeTmp

Run Build Command(s):/usr/local/lib/android/sdk/cmake/3.22.1/bin/ninja cmTC_3ac03 && [1/2] Building C object CMakeFiles/cmTC_3ac03.dir/CheckSymbolExists.c.o
[2/2] Linking C executable cmTC_3ac03


File /home/runner/work/Bugdom2-Android/Bugdom2-Android/android/app/.cxx/Debug/x2b5b4t2/armeabi-v7a/CMakeFiles/CMakeTmp/CheckSymbolExists.c:
/* */
#include <unistd.h>

int main(int argc, char** argv)
{
  (void)argv;
#ifndef fdatasync
  return ((int*)(&fdatasync))[argc];
#else
  (void)argc;
  return 0;
#endif
}
Determining if the gethostname exist passed with the following output:
Change Dir: /home/runner/work/Bugdom2-Android/Bugdom2-Android/android/app/.cxx/Debug/x2b5b4t2/armeabi-v7a/CMakeFiles/CMakeTmp

Run Build Command(s):/usr/local/lib/android/sdk/cmake/3.22.1/bin/ninja cmTC_74455 && [1/2] Building C object CMakeFiles/cmTC_74455.dir/CheckSymbolExists.c.o
[2/2] Linking C executable cmTC_74455


File /home/runner/work/Bugdom2-Android/Bugdom2-Android/android/app/.cxx/Debug/x2b5b4t2/armeabi-v7a/CMakeFiles/CMakeTmp/CheckSymbolExists.c:
/* */
#include <unistd.h>

int main(int argc, char** argv)
{
  (void)argv;
#ifndef gethostname
  return ((int*)(&gethostname))[argc];
#else
  (void)argc;
  return 0;
#endif
}
Determining if the getpagesize exist passed with the following output:
Change Dir: /home/runner/work/Bugdom2-Android/Bugdom2-Android/android/app/.cxx/Debug/x2b5b4t2/armeabi-v7a/CMakeFiles/CMakeTmp

Run Build Command(s):/usr/local/lib/android/sdk/cmake/3.22.1/bin/ninja cmTC_46601 && [1/2] Building C object CMakeFiles/cmTC_46601.dir/CheckSymbolExists.c.o
[2/2] Linking C executable cmTC_46601


File /home/runner/work/Bugdom2-Android/Bugdom2-Android/android/app/.cxx/Debug/x2b5b4t2/armeabi-v7a/CMakeFiles/CMakeTmp/CheckSymbolExists.c:
/* */
#include <unistd.h>

int main(int argc, char** argv)
{
  (void)argv;
#ifndef getpagesize
  return ((int*)(&getpagesize))[argc];
#else
  (void)argc;
  return 0;
#endif
}
Determining if the getresgid exist passed with the following output:
Change Dir: /home/runner/work/Bugdom2-Android/Bugdom2-Android/android/app/.cxx/Debug/x2b5b4t2/armeabi-v7a/CMakeFiles/CMakeTmp

Run Build Command(s):/usr/local/lib/android/sdk/cmake/3.22.1/bin/ninja cmTC_f746c && [1/2] Building C object CMakeFiles/cmTC_f746c.dir/CheckSymbolExists.c.o
[2/2] Linking C executable cmTC_f746c


File /home/runner/work/Bugdom2-Android/Bugdom2-Android/android/app/.cxx/Debug/x2b5b4t2/armeabi-v7a/CMakeFiles/CMakeTmp/CheckSymbolExists.c:
/* */
#include <unistd.h>

int main(int argc, char** argv)
{
  (void)argv;
#ifndef getresgid
  return ((int*)(&getresgid))[argc];
#else
  (void)argc;
  return 0;
#endif
}
Determining if the getresuid exist passed with the following output:
Change Dir: /home/runner/work/Bugdom2-Android/Bugdom2-Android/android/app/.cxx/Debug/x2b5b4t2/armeabi-v7a/CMakeFiles/CMakeTmp

Run Build Command(s):/usr/local/lib/android/sdk/cmake/3.22.1/bin/ninja cmTC_7c69d && [1/2] Building C object CMakeFiles/cmTC_7c69d.dir/CheckSymbolExists.c.o
[2/2] Linking C executable cmTC_7c69d


File /home/runner/work/Bugdom2-Android/Bugdom2-Android/android/app/.cxx/Debug/x2b5b4t2/armeabi-v7a/CMakeFiles/CMakeTmp/CheckSymbolExists.c:
/* */
#include <unistd.h>

int main(int argc, char** argv)
{
  (void)argv;
#ifndef getresuid
  return ((int*)(&getresuid))[argc];
#else
  (void)argc;
  return 0;
#endif
}
Determining if the sigaction exist passed with the following output:
Change Dir: /home/runner/work/Bugdom2-Android/Bugdom2-Android/android/app/.cxx/Debug/x2b5b4t2/armeabi-v7a/CMakeFiles/CMakeTmp

Run Build Command(s):/usr/local/lib/android/sdk/cmake/3.22.1/bin/ninja cmTC_abdea && [1/2] Building C object CMakeFiles/cmTC_abdea.dir/CheckSymbolExists.c.o
[2/2] Linking C executable cmTC_abdea


File /home/runner/work/Bugdom2-Android/Bugdom2-Android/android/app/.cxx/Debug/x2b5b4t2/armeabi-v7a/CMakeFiles/CMakeTmp/CheckSymbolExists.c:
/* */
#include <signal.h>

int main(int argc, char** argv)
{
  (void)argv;
#ifndef sigaction
  return ((int*)(&sigaction))[argc];
#else
  (void)argc;
  return 0;
#endif
}
Determining if the sigtimedwait exist passed with the following output:
Change Dir: /home/runner/work/Bugdom2-Android/Bugdom2-Android/android/app/.cxx/Debug/x2b5b4t2/armeabi-v7a/CMakeFiles/CMakeTmp

Run Build Command(s):/usr/local/lib/android/sdk/cmake/3.22.1/bin/ninja cmTC_6bb21 && [1/2] Building C object CMakeFiles/cmTC_6bb21.dir/CheckSymbolExists.c.o
[2/2] Linking C executable cmTC_6bb21


File /home/runner/work/Bugdom2-Android/Bugdom2-Android/android/app/.cxx/Debug/x2b5b4t2/armeabi-v7a/CMakeFiles/CMakeTmp/CheckSymbolExists.c:
/* */
#include <signal.h>

int main(int argc, char** argv)
{
  (void)argv;
#ifndef sigtimedwait
  return ((int*)(&sigtimedwait))[argc];
#else
  (void)argc;
  return 0;
#endif
}
Determining if the setjmp exist passed with the following output:
Change Dir: /home/runner/work/Bugdom2-Android/Bugdom2-Android/android/app/.cxx/Debug/x2b5b4t2/armeabi-v7a/CMakeFiles/CMakeTmp

Run Build Command(s):/usr/local/lib/android/sdk/cmake/3.22.1/bin/ninja cmTC_701d9 && [1/2] Building C object CMakeFiles/cmTC_701d9.dir/CheckSymbolExists.c.o
[2/2] Linking C executable cmTC_701d9


File /home/runner/work/Bugdom2-Android/Bugdom2-Android/android/app/.cxx/Debug/x2b5b4t2/armeabi-v7a/CMakeFiles/CMakeTmp/CheckSymbolExists.c:
/* */
#include <setjmp.h>

int main(int argc, char** argv)
{
  (void)argv;
#ifndef setjmp
  return ((int*)(&setjmp))[argc];
#else
  (void)argc;
  return 0;
#endif
}
Determining if the nanosleep exist passed with the following output:
Change Dir: /home/runner/work/Bugdom2-Android/Bugdom2-Android/android/app/.cxx/Debug/x2b5b4t2/armeabi-v7a/CMakeFiles/CMakeTmp

Run Build Command(s):/usr/local/lib/android/sdk/cmake/3.22.1/bin/ninja cmTC_bd0f0 && [1/2] Building C object CMakeFiles/cmTC_bd0f0.dir/CheckSymbolExists.c.o
[2/2] Linking C executable cmTC_bd0f0


File /home/runner/work/Bugdom2-Android/Bugdom2-Android/android/app/.cxx/Debug/x2b5b4t2/armeabi-v7a/CMakeFiles/CMakeTmp/CheckSymbolExists.c:
/* */
#include <time.h>

int main(int argc, char** argv)
{
  (void)argv;
#ifndef nanosleep
  return ((int*)(&nanosleep))[argc];
#else
  (void)argc;
  return 0;
#endif
}
Determining if the gmtime_r exist passed with the following output:
Change Dir: /home/runner/work/Bugdom2-Android/Bugdom2-Android/android/app/.cxx/Debug/x2b5b4t2/armeabi-v7a/CMakeFiles/CMakeTmp

Run Build Command(s):/usr/local/lib/android/sdk/cmake/3.22.1/bin/ninja cmTC_e0f09 && [1/2] Building C object CMakeFiles/cmTC_e0f09.dir/CheckSymbolExists.c.o
[2/2] Linking C executable cmTC_e0f09


File /home/runner/work/Bugdom2-Android/Bugdom2-Android/android/app/.cxx/Debug/x2b5b4t2/armeabi-v7a/CMakeFiles/CMakeTmp/CheckSymbolExists.c:
/* */
#include <time.h>

int main(int argc, char** argv)
{
  (void)argv;
#ifndef gmtime_r
  return ((int*)(&gmtime_r))[argc];
#else
  (void)argc;
  return 0;
#endif
}
Determining if the localtime_r exist passed with the following output:
Change Dir: /home/runner/work/Bugdom2-Android/Bugdom2-Android/android/app/.cxx/Debug/x2b5b4t2/armeabi-v7a/CMakeFiles/CMakeTmp

Run Build Command(s):/usr/local/lib/android/sdk/cmake/3.22.1/bin/ninja cmTC_4502b && [1/2] Building C object CMakeFiles/cmTC_4502b.dir/CheckSymbolExists.c.o
[2/2] Linking C executable cmTC_4502b


File /home/runner/work/Bugdom2-Android/Bugdom2-Android/android/app/.cxx/Debug/x2b5b4t2/armeabi-v7a/CMakeFiles/CMakeTmp/CheckSymbolExists.c:
/* */
#include <time.h>

int main(int argc, char** argv)
{
  (void)argv;
#ifndef localtime_r
  return ((int*)(&localtime_r))[argc];
#else
  (void)argc;
  return 0;
#endif
}
Determining if the sysconf exist passed with the following output:
Change Dir: /home/runner/work/Bugdom2-Android/Bugdom2-Android/android/app/.cxx/Debug/x2b5b4t2/armeabi-v7a/CMakeFiles/CMakeTmp

Run Build Command(s):/usr/local/lib/android/sdk/cmake/3.22.1/bin/ninja cmTC_57fc2 && [1/2] Building C object CMakeFiles/cmTC_57fc2.dir/CheckSymbolExists.c.o
[2/2] Linking C executable cmTC_57fc2


File /home/runner/work/Bugdom2-Android/Bugdom2-Android/android/app/.cxx/Debug/x2b5b4t2/armeabi-v7a/CMakeFiles/CMakeTmp/CheckSymbolExists.c:
/* */
#include <unistd.h>

int main(int argc, char** argv)
{
  (void)argv;
#ifndef sysconf
  return ((int*)(&sysconf))[argc];
#else
  (void)argc;
  return 0;
#endif
}
Determining if the getauxval exist passed with the following output:
Change Dir: /home/runner/work/Bugdom2-Android/Bugdom2-Android/android/app/.cxx/Debug/x2b5b4t2/armeabi-v7a/CMakeFiles/CMakeTmp

Run Build Command(s):/usr/local/lib/android/sdk/cmake/3.22.1/bin/ninja cmTC_88ca1 && [1/2] Building C object CMakeFiles/cmTC_88ca1.dir/CheckSymbolExists.c.o
[2/2] Linking C executable cmTC_88ca1


File /home/runner/work/Bugdom2-Android/Bugdom2-Android/android/app/.cxx/Debug/x2b5b4t2/armeabi-v7a/CMakeFiles/CMakeTmp/CheckSymbolExists.c:
/* */
#include <sys/auxv.h>

int main(int argc, char** argv)
{
  (void)argv;
#ifndef getauxval
  return ((int*)(&getauxval))[argc];
#else
  (void)argc;
  return 0;
#endif
}
Determining if the ppoll exist passed with the following output:
Change Dir: /home/runner/work/Bugdom2-Android/Bugdom2-Android/android/app/.cxx/Debug/x2b5b4t2/armeabi-v7a/CMakeFiles/CMakeTmp

Run Build Command(s):/usr/local/lib/android/sdk/cmake/3.22.1/bin/ninja cmTC_3a263 && [1/2] Building C object CMakeFiles/cmTC_3a263.dir/CheckSymbolExists.c.o
[2/2] Linking C executable cmTC_3a263


File /home/runner/work/Bugdom2-Android/Bugdom2-Android/android/app/.cxx/Debug/x2b5b4t2/armeabi-v7a/CMakeFiles/CMakeTmp/CheckSymbolExists.c:
/* */
#include <poll.h>

int main(int argc, char** argv)
{
  (void)argv;
#ifndef ppoll
  return ((int*)(&ppoll))[argc];
#else
  (void)argc;
  return 0;
#endif
}
Determining if the posix_fallocate exist passed with the following output:
Change Dir: /home/runner/work/Bugdom2-Android/Bugdom2-Android/android/app/.cxx/Debug/x2b5b4t2/armeabi-v7a/CMakeFiles/CMakeTmp

Run Build Command(s):/usr/local/lib/android/sdk/cmake/3.22.1/bin/ninja cmTC_e34d2 && [1/2] Building C object CMakeFiles/cmTC_e34d2.dir/CheckSymbolExists.c.o
[2/2] Linking C executable cmTC_e34d2


File /home/runner/work/Bugdom2-Android/Bugdom2-Android/android/app/.cxx/Debug/x2b5b4t2/armeabi-v7a/CMakeFiles/CMakeTmp/CheckSymbolExists.c:
/* */
#include <fcntl.h>

int main(int argc, char** argv)
{
  (void)argv;
#ifndef posix_fallocate
  return ((int*)(&posix_fallocate))[argc];
#else
  (void)argc;
  return 0;
#endif
}
Performing C SOURCE FILE Test HAVE_SA_SIGACTION succeeded with the following output:
Change Dir: /home/runner/work/Bugdom2-Android/Bugdom2-Android/android/app/.cxx/Debug/x2b5b4t2/armeabi-v7a/CMakeFiles/CMakeTmp

Run Build Command(s):/usr/local/lib/android/sdk/cmake/3.22.1/bin/ninja cmTC_1ddc0 && [1/2] Building C object CMakeFiles/cmTC_1ddc0.dir/src.c.o
[2/2] Linking C executable cmTC_1ddc0


Source file was:

#include <signal.h>

int main()
{
  (void)sizeof(((struct sigaction *)0)->sa_sigaction);
  return 0;
}

Performing C SOURCE FILE Test HAVE_ST_MTIM succeeded with the following output:
Change Dir: /home/runner/work/Bugdom2-Android/Bugdom2-Android/android/app/.cxx/Debug/x2b5b4t2/armeabi-v7a/CMakeFiles/CMakeTmp

Run Build Command(s):/usr/local/lib/android/sdk/cmake/3.22.1/bin/ninja cmTC_fd10a && [1/2] Building C object CMakeFiles/cmTC_fd10a.dir/src.c.o
[2/2] Linking C executable cmTC_fd10a


Source file was:

#include <sys/stat.h>

int main()
{
  (void)sizeof(((struct stat *)0)->st_mtim);
  return 0;
}

Determining if the dlopen exist passed with the following output:
Change Dir: /home/runner/work/Bugdom2-Android/Bugdom2-Android/android/app/.cxx/Debug/x2b5b4t2/armeabi-v7a/CMakeFiles/CMakeTmp

Run Build Command(s):/usr/local/lib/android/sdk/cmake/3.22.1/bin/ninja cmTC_1834e && [1/2] Building C object CMakeFiles/cmTC_1834e.dir/CheckSymbolExists.c.o
[2/2] Linking C executable cmTC_1834e


File /home/runner/work/Bugdom2-Android/Bugdom2-Android/android/app/.cxx/Debug/x2b5b4t2/armeabi-v7a/CMakeFiles/CMakeTmp/CheckSymbolExists.c:
/* */
#include <dlfcn.h>

int main(int argc, char** argv)
{
  (void)argv;
#ifndef dlopen
  return ((int*)(&dlopen))[argc];
#else
  (void)argc;
  return 0;
#endif
}
Performing C SOURCE FILE Test HAVE_O_CLOEXEC succeeded with the following output:
Change Dir: /home/runner/work/Bugdom2-Android/Bugdom2-Android/android/app/.cxx/Debug/x2b5b4t2/armeabi-v7a/CMakeFiles/CMakeTmp

Run Build Command(s):/usr/local/lib/android/sdk/cmake/3.22.1/bin/ninja cmTC_c56e8 && [1/2] Building C object CMakeFiles/cmTC_c56e8.dir/src.c.o
[2/2] Linking C executable cmTC_c56e8


Source file was:

    #include <fcntl.h>
    int flag = O_CLOEXEC;
    int main(int argc, char **argv) { return 0; }
Performing C SOURCE FILE Test HAVE_ARM_MODE succeeded with the following output:
Change Dir: /home/runner/work/Bugdom2-Android/Bugdom2-Android/android/app/.cxx/Debug/x2b5b4t2/armeabi-v7a/CMakeFiles/CMakeTmp

Run Build Command(s):/usr/local/lib/android/sdk/cmake/3.22.1/bin/ninja cmTC_2b9a1 && [1/2] Building C object CMakeFiles/cmTC_2b9a1.dir/src.c.o
[2/2] Linking C executable cmTC_2b9a1


Source file was:
int main(void) { return 0; }
Performing C SOURCE FILE Test VULKAN_PASSED_ANDROID_CHECKS succeeded with the following output:
Change Dir: /home/runner/work/Bugdom2-Android/Bugdom2-Android/android/app/.cxx/Debug/x2b5b4t2/armeabi-v7a/CMakeFiles/CMakeTmp

Run Build Command(s):/usr/local/lib/android/sdk/cmake/3.22.1/bin/ninja cmTC_6d46c && [1/2] Building C object CMakeFiles/cmTC_6d46c.dir/src.c.o
[2/2] Linking C executable cmTC_6d46c


Source file was:

      #if defined(__ARM_ARCH) && __ARM_ARCH < 7
      #error Vulkan doesn't work on this configuration
      #endif
      int main(int argc, char **argv) { return 0; }
      
Performing C SOURCE FILE Test HAVE_PTHREADS succeeded with the following output:
Change Dir: /home/runner/work/Bugdom2-Android/Bugdom2-Android/android/app/.cxx/Debug/x2b5b4t2/armeabi-v7a/CMakeFiles/CMakeTmp

Run Build Command(s):/usr/local/lib/android/sdk/cmake/3.22.1/bin/ninja cmTC_fd263 && [1/2] Building C object CMakeFiles/cmTC_fd263.dir/src.c.o
[2/2] Linking C executable cmTC_fd263


Source file was:

        #include <pthread.h>
        int main(int argc, char** argv) {
          pthread_attr_t type;
          pthread_attr_init(&type);
          return 0;
        }
Performing C SOURCE FILE Test HAVE_RECURSIVE_MUTEXES succeeded with the following output:
Change Dir: /home/runner/work/Bugdom2-Android/Bugdom2-Android/android/app/.cxx/Debug/x2b5b4t2/armeabi-v7a/CMakeFiles/CMakeTmp

Run Build Command(s):/usr/local/lib/android/sdk/cmake/3.22.1/bin/ninja cmTC_64b8c && [1/2] Building C object CMakeFiles/cmTC_64b8c.dir/src.c.o
[2/2] Linking C executable cmTC_64b8c


Source file was:

        #include <pthread.h>
        int main(int argc, char **argv) {
          pthread_mutexattr_t attr;
          pthread_mutexattr_settype(&attr, PTHREAD_MUTEX_RECURSIVE);
          return 0;
        }
Performing C SOURCE FILE Test HAVE_PTHREADS_SEM succeeded with the following output:
Change Dir: /home/runner/work/Bugdom2-Android/Bugdom2-Android/android/app/.cxx/Debug/x2b5b4t2/armeabi-v7a/CMakeFiles/CMakeTmp

Run Build Command(s):/usr/local/lib/android/sdk/cmake/3.22.1/bin/ninja cmTC_7012b && [1/2] Building C object CMakeFiles/cmTC_7012b.dir/src.c.o
[2/2] Linking C executable cmTC_7012b


Source file was:
#include <pthread.h>
                                 #include <semaphore.h>
                                 int main(int argc, char **argv) { return 0; }
Performing C SOURCE FILE Test COMPILER_HAS_SEM_TIMEDWAIT succeeded with the following output:
Change Dir: /home/runner/work/Bugdom2-Android/Bugdom2-Android/android/app/.cxx/Debug/x2b5b4t2/armeabi-v7a/CMakeFiles/CMakeTmp

Run Build Command(s):/usr/local/lib/android/sdk/cmake/3.22.1/bin/ninja cmTC_7ac93 && [1/2] Building C object CMakeFiles/cmTC_7ac93.dir/src.c.o
/home/runner/work/Bugdom2-Android/Bugdom2-Android/android/app/.cxx/Debug/x2b5b4t2/armeabi-v7a/CMakeFiles/CMakeTmp/src.c:5:33: warning: null passed to a callee that requires a non-null argument [-Wnonnull]
    5 |                   sem_timedwait(NULL, NULL);
      |                                 ^~~~
/usr/local/lib/android/sdk/ndk/27.2.12479018/toolchains/llvm/prebuilt/linux-x86_64/lib/clang/18/include/__stddef_null.h:26:14: note: expanded from macro 'NULL'
   26 | #define NULL ((void*)0)
      |              ^~~~~~~~~~
/home/runner/work/Bugdom2-Android/Bugdom2-Android/android/app/.cxx/Debug/x2b5b4t2/armeabi-v7a/CMakeFiles/CMakeTmp/src.c:5:39: warning: null passed to a callee that requires a non-null argument [-Wnonnull]
    5 |                   sem_timedwait(NULL, NULL);
      |                                       ^~~~
/usr/local/lib/android/sdk/ndk/27.2.12479018/toolchains/llvm/prebuilt/linux-x86_64/lib/clang/18/include/__stddef_null.h:26:14: note: expanded from macro 'NULL'
   26 | #define NULL ((void*)0)
      |              ^~~~~~~~~~
2 warnings generated.
[2/2] Linking C executable cmTC_7ac93


Source file was:

              #include <pthread.h>
              #include <semaphore.h>
              int main(int argc, char **argv) {
                  sem_timedwait(NULL, NULL);
                  return 0;
              }
Determining if the include file pthread.h exists passed with the following output:
Change Dir: /home/runner/work/Bugdom2-Android/Bugdom2-Android/android/app/.cxx/Debug/x2b5b4t2/armeabi-v7a/CMakeFiles/CMakeTmp

Run Build Command(s):/usr/local/lib/android/sdk/cmake/3.22.1/bin/ninja cmTC_a694f && [1/2] Building C object CMakeFiles/cmTC_a694f.dir/CheckIncludeFile.c.o
[2/2] Linking C executable cmTC_a694f



Performing C SOURCE FILE Test HAVE_PTHREAD_SETNAME_NP succeeded with the following output:
Change Dir: /home/runner/work/Bugdom2-Android/Bugdom2-Android/android/app/.cxx/Debug/x2b5b4t2/armeabi-v7a/CMakeFiles/CMakeTmp

Run Build Command(s):/usr/local/lib/android/sdk/cmake/3.22.1/bin/ninja cmTC_517f5 && [1/2] Building C object CMakeFiles/cmTC_517f5.dir/src.c.o
[2/2] Linking C executable cmTC_517f5


Source file was:

            #include <pthread.h>
            int main(int argc, char **argv) {
              #ifdef __APPLE__
              pthread_setname_np("");
              #else
              pthread_setname_np(pthread_self(),"");
              #endif
              return 0;
            }
